"CASEID","POINT_X","POINT_Y","YEAR_","LOCATION","CHPTYPE","DAYWEEK","CRASHSEV","VIOLCAT","KILLED","INJURED","WEATHER1","PEDCOL","BICCOL","MCCOL","TRUCKCOL","ETOH","TIMECAT","MONTH_","CRASHTYP","INVOLVE","PED","PRIMARYRD","SECONDRD","DISTANCE","DIRECT","INTERSECT_","PROCDATE","JURIS","DATE_","TIME_","BADGE","JURIDIST","SHIFT","POP","SPECIAL","BEATTYPE","LAPDDIV","BEATCLAS","BEATNUMB","WEATHER2","STATEHW","CALTRANC","CALTRAND","STROUTE","ROUTESUF","POSTPRE","POSTMILE","LOCATYPE","RAMP","SIDEHW","TOWAWAY","PARTIES","PCF","VIOLCODE","VIOL","VIOLSUB","HITRUN","ROADSURF","RDCOND1","RDCOND2","LIGHTING","RIGHTWAY","CHPRDTYP","NOTPRIV","STFAULT","CHPFAULT","SEVINJ","OTHERINJ","COP","PEDKILL","PEDINJ","BICKILL","BICINJ","MCKILL","MCINJURE","RAMP1","RAMP2","CITY","COUNTY","STATE","X_CHP","Y_CHP"
"6967286",-121.4718042,38.5622673,2015,"3404","2","7","4","03",0,1,"A",,,,,,1200,6,"C","C","A","RT 50","T ST",150,"S","N","2017-01-04",9252,"2015-06-07",1053,"18648",,"1","7","0","1",,"2","150","-","Y","SAC",3,51,"-","-",0.254,"R","1","N","N",2,"A","-",22350,,"N","A","H","-","A","D","1","Y","A","01",0,0,1,0,0,0,0,0,0,"TO","-","SACRAMENTO","SACRAMENTO","CA",-121.47179,38.56119
"6967285",-121.2933663,38.253786,2015,"3402","3","1","2","03",0,1,"A",,,"Y",,,1500,6,"C","C","A","RT 99","C ST",150,"S","N","2017-01-09",9252,"2015-06-01",1451,"18423",,"2","3","0","1",,"2","190","-","Y","SAC",3,99,"-","-",0.76,"H","-","S","Y",3,"A","-",22350,,"N","A","H","-","A","D","1","Y","A","01",1,0,0,0,0,0,0,0,1,"-","-","GALT","SACRAMENTO","CA",-121.2934,38.25388
"6967284",-121.4710347,38.5647577,2015,"3404","3","3","4","03",0,2,"B",,,,,,600,6,"C","C","A","RT 51","R ST",100,"N","N","2016-11-05",9252,"2015-06-10",559,"14512",,"3","7","0","1",,"2","193","-","Y","SAC",3,51,"-","-",0.43,"H","-","S","Y",2,"A","-",22350,,"N","A","H","-","B","D","1","Y","A","07",0,0,2,0,0,0,0,0,0,"-","-","SACRAMENTO","SACRAMENTO","CA",-121.47123,38.56467
"6967283",-121.5043068,38.5946412,2015,"3404","1","4","4","08",0,1,"A",,,,,,900,6,"E","I","A","RT 5","RICHARDS BL",500,"S","N","2016-11-07",9252,"2015-06-11",730,"17522",,"1","7","0","1",,"2","108","-","Y","SAC",3,5,"-","-",24.56,"H","-","S","N",2,"A","-",22107,,"N","A","H","-","A","D","1","Y","A","01",0,0,1,0,0,0,0,0,0,"-","-","SACRAMENTO","SACRAMENTO","CA",0,0
"6967282",-121.4565509,38.5062045,2015,"3400","3","4","4","07",0,1,"A",,,,,,900,6,"C","C","A","RT 99","47TH AV",1584,"S","N","2017-01-09",9252,"2015-06-11",615,"15006",,"1","9","0","1",,"2","192","-","Y","SAC",3,99,"-","-",20.56,"H","-","N","N",2,"A","-",21658,"A","N","A","H","-","A","D","1","Y","A","01",0,0,1,0,0,0,0,0,0,"-","-","UNINCORPORATED","SACRAMENTO","CA",-121.7917,38.5413
"6967281",-121.4575745,38.5067865,2015,"3400","3","3","4","18",0,3,"B",,,,,,1800,6,"C","C","A","RT 99","47TH AV",1320,"S","N","2017-01-09",9252,"2015-06-10",1710,"15718",,"2","9","0","1",,"2","192","-","Y","SAC",3,99,"-","-",20.61,"H","-","S","Y",4,"C","-",0,,"N","A","H","-","A","D","1","Y","-","-",0,0,3,0,0,0,0,0,0,"-","-","UNINCORPORATED","SACRAMENTO","CA",-121.45865,38.50812
"6967200",-121.1952953,38.6413993,2015,"3401","0","4","4","03",0,2,"A",,,,,,300,6,"-","-","A","FOLSOM BL","IRON POINT RD",1584,"S","N","2015-07-02",3401,"2015-06-04",21,"204","CA034","5","5","0","0",,"0","004","-","N",,0,0,,,0,,,,"Y",2,"A","-",22350,,"N","A","H","-","C","A","0","Y","A","01",0,0,2,0,0,0,0,0,0,"-","-","FOLSOM","SACRAMENTO","CA",0,0
"6967196",-121.1865814,38.6862053,2015,"3401","0","4","4","03",0,1,"A",,,,,,1800,6,"C","C","A","AMERICAN RIVER CANYON DR","WATER VIEW WY",20,"S","N","2015-07-02",3401,"2015-06-04",1610,"163","CA034","5","5","0","0",,"0","001","-","N",,0,0,,,0,,,,"N",2,"A","-",22350,,"N","A","H","-","A","A","0","Y","A","01",0,0,1,0,0,0,0,0,0,"-","-","FOLSOM","SACRAMENTO","CA",0,0
"6967052",-121.4450817,38.5157972,2015,"3400","5","1","4","03",0,2,"A",,,,,,900,6,"C","C","A","LEMON HILL AV","CASA NICOLE WY",300,"W","N","2015-10-30",9252,"2015-06-08",820,"18591",,"1","9","0","3",,"2","070","-","N",,0,0,,,0,,,,"N",2,"A","-",22350,,"N","A","H","-","A","A","0","Y","A","07",0,0,2,0,0,0,0,0,0,"-","-","UNINCORPORATED","SACRAMENTO","CA",-121.42084,38.47499
"6966584",-121.345173,38.409085,2015,"3450","0","3","3","12",0,2,"B",,,,,,1500,6,"D","D","A","ELK GROVE BL","E PARK DR",0,,"Y","2015-07-01",340,"2015-06-10",1356,"10028","5602","5","5","0","0",,"0","005","-","N",,0,0,,,0,,,,"N",3,"A","-",22450,"A","N","B","H","-","A","A","0","Y","D","22",0,1,1,0,0,0,0,0,0,"-","-","ELK GROVE","SACRAMENTO","CA",0,0
"6966576",0,0,2015,"3450","0","3","4","01",0,1,"A",,,,,"Y",1800,6,"C","C","A","LAGUNA BL","LAGUNA SPRINGS DR",231,"W","N","2016-06-08",340,"2015-06-17",1525,"10585","2405","5","5","0","0",,"0","002","-","N",,0,0,,,0,,,,"Y",2,"A","-",23152,"A","N","A","H","-","A","A","0","Y","D","22",0,0,1,0,0,0,0,0,0,"-","-","ELK GROVE","SACRAMENTO","CA",0,0
"6966415",-121.4643291,38.5797062,2015,"3404","3","6","4","03",0,1,"A",,,,,,1500,5,"C","C","A","RT 51","E ST",200,"N","N","2016-11-05",9252,"2015-05-30",1440,"18787",,"2","7","0","1",,"2","193","-","Y","SAC",3,51,"-","-",1.51,"H","-","N","N",2,"A","-",22350,,"N","A","H","-","A","D","1","Y","A","01",0,0,1,0,0,0,0,0,0,"-","-","SACRAMENTO","SACRAMENTO","CA",-121.4511,38.58497
"6966411",-121.4534252,38.5851109,2015,"3404","3","6","4","08",0,2,"A",,,,,,2100,5,"E","I","A","RT 51","ELVAS AV",837,"S","N","2016-11-05",9252,"2015-05-30",1940,"18787",,"2","7","0","1",,"2","193","-","Y","SAC",3,51,"-","-",2.27,"H","-","N","Y",1,"A","-",22107,,"N","A","H","-","A","D","1","Y","A","01",0,0,2,0,0,0,0,0,0,"-","-","SACRAMENTO","SACRAMENTO","CA",-121.45411,38.58497
"6966407",-121.5046931,38.590327,2015,"3404","1","3","3","03",0,1,"A",,,,,,2400,5,"C","C","A","RT 5","J ST",2640,"N","N","2016-11-07",9252,"2015-05-27",2150,"18140",,"2","7","0","1",,"2","108","-","Y","SAC",3,5,"-","-",24.18,"H","-","S","Y",3,"A","-",22350,,"N","A","H","-","C","D","1","Y","A","01",0,1,0,0,0,0,0,0,0,"-","-","SACRAMENTO","SACRAMENTO","CA",0,0
"6966403",-121.3862031,38.5579051,2015,"3404","2","3","4","03",0,1,"A",,,,,,2100,5,"C","C","A","RT 50","WATT AV",150,"W","N","2017-01-04",9252,"2015-05-27",1815,"15718",,"2","7","0","1",,"2","151","-","Y","SAC",3,50,"-","R",5.054,"R","1","E","N",2,"A","-",22350,,"F","A","H","-","A","D","1","Y","A","01",0,0,1,0,0,0,0,0,0,"TO","-","SACRAMENTO","SACRAMENTO","CA",-121.37937,38.55747
"6966310",-121.4178531,38.447015,2015,"3404","0","6","4","03",0,2,"A",,,,,,300,6,"A","I","A","BRUCEVILLE RD","JACINTO RD",0,"S","N","2015-10-27",3404,"2015-06-06",49,"4130","SACRA","5","7","0","0",,"0","05C","-","N",,0,0,,,0,,,,"Y",1,"A","-",22350,,"N","A","H","-","D","A","0","Y","A","01",0,0,2,0,0,0,0,0,0,"-","-","SACRAMENTO","SACRAMENTO","CA",0,0
"6966301",-121.467843,38.5771351,2015,"3404","0","6","4","01",0,4,"A",,,,,,2400,6,"D","C","A","28TH ST","G ST",0,,"Y","2015-10-27",3404,"2015-06-13",2152,"915","3","5","7","0","0",,"0","00B","-","N",,0,0,,,0,,,,"Y",2,"A","-",23152,"A","N","A","H","-","C","C","0","Y","A","07",0,0,4,0,0,0,0,0,0,"-","-","SACRAMENTO","SACRAMENTO","CA",0,0
"6966240",-121.4836631,38.6398751,2015,"3404","0","5","4","00",0,2,"A",,,,,"Y",2100,6,"C","C","A","NORWOOD AV","RT 80",45,"S","N","2016-12-19",3404,"2015-06-19",1852,"790","2","5","7","0","0",,"0","00A","-","Y","SAC",3,80,"-","M",4.797,"R","4","E","N",2,"A","-",22350,"A","N","A","H","-","A","D","0","Y","A","01",0,0,2,0,0,0,0,0,0,"-","EF","SACRAMENTO","SACRAMENTO","CA",0,0
"6966238",-121.4426644,38.5394776,2015,"3404","0","3","4","09",0,3,"A",,,,,,2100,6,"D","C","A","14TH AV","55TH ST",192,"W","N","2015-07-16",3404,"2015-06-17",1856,"869","6B","5","7","0","0",,"0",,"-","N",,0,0,,,0,,,,"Y",2,"A","-",21801,"A","N","A","H","-","A","D","0","Y","A","01",0,0,3,0,0,0,0,0,0,"-","-","SACRAMENTO","SACRAMENTO","CA",0,0
"6966236",-121.4806557,38.5719304,2015,"3404","0","4","4","03",0,1,"A",,,,,,1800,6,"C","C","A","N ST","21ST ST",52,"W","N","2015-07-02",3404,"2015-06-18",1637,"8198","3","5","7","0","0",,"0","00B","-","N",,0,0,,,0,,,,"N",2,"A","-",22350,,"N","A","H","-","A","A","0","Y","A","07",0,0,1,0,0,0,0,0,0,"-","-","SACRAMENTO","SACRAMENTO","CA",0,0
"6966227",-121.4475489,38.4667806,2015,"3404","0","3","4","03",0,1,"A",,,,,,1800,6,"C","C","A","FRANKLIN BL","VALLEY HI",100,"S","N","2015-06-30",3404,"2015-06-17",1715,"325","5","5","7","0","0",,"0","05B","-","N",,0,0,,,0,,,,"N",2,"A","-",22350,,"N","A","H","-","A","A","0","Y","A","01",0,0,1,0,0,0,0,0,0,"-","-","SACRAMENTO","SACRAMENTO","CA",0,0
"6966223",-121.4097277,38.5703622,2015,"3404","0","2","4","03",0,1,"A",,,,,,1500,6,"C","C","A","HOWE AV","AMERICAN RIVER DR",350,"N","N","2015-10-05",3404,"2015-06-16",1253,"8200","6","5","7","0","0",,"0","00E","-","N",,0,0,,,0,,,,"N",2,"A","-",22350,,"N","A","H","-","A","D","0","Y","A","01",0,0,1,0,0,0,0,0,0,"-","-","SACRAMENTO","SACRAMENTO","CA",0,0
"6966219",-121.4569431,38.6440551,2015,"3404","0","1","4","10",0,1,"A","Y",,,,,1500,6,"G","B","F","NORWOOD AV","JESSIE AV",0,,"Y","2015-06-30",3404,"2015-06-15",1332,"733",,"5","7","0","0",,"0","02A","-","N",,0,0,,,0,,,,"N",2,"A","-",21952,,"M","A","H","-","A","D","0","Y","A","01",0,0,1,0,1,0,0,0,0,"-","-","SACRAMENTO","SACRAMENTO","CA",0,0
"6966214",-121.4909332,38.564905,2015,"3404","0","3","3","07",0,2,"A",,,,,,1800,6,"B","C","A","16TH ST","V ST",0,,"Y","2015-07-11",3404,"2015-06-17",1637,"8200","3","5","7","0","0",,"0","00A","-","N",,0,0,,,0,,,,"N",2,"A","-",21658,"A","N","A","H","-","A","D","0","Y","A","01",0,1,1,0,0,0,0,0,0,"-","-","SACRAMENTO","SACRAMENTO","CA",0,0
"6966211",-121.4450431,38.564125,2015,"3404","0","5","4","10",0,1,"A","Y",,,,,2400,6,"G","B","B","M ST","48TH ST",0,,"Y","2015-07-01",3404,"2015-06-19",2128,"0386","6","5","7","0","0",,"0","06D","-","N",,0,0,,,0,,,,"N",2,"A","-",21950,"A","N","A","H","-","C","A","0","Y","A","01",0,0,1,0,1,0,0,0,0,"-","-","SACRAMENTO","SACRAMENTO","CA",0,0
"6966210",-121.4996631,38.583185,2015,"3404","0","7","4","12",0,1,"A",,,,,,2100,6,"D","C","A","I ST","5TH ST",0,,"Y","2015-07-16",3404,"2015-06-14",1851,"8179","3","5","7","0","0",,"0","00M","-","N",,0,0,,,0,,,,"Y",2,"A","-",21453,"A","N","A","H","-","A","A","0","Y","A","01",0,0,1,0,0,0,0,0,0,"-","-","SACRAMENTO","SACRAMENTO","CA",0,0
"6966206",-121.4680131,38.5698251,2015,"3404","0","4","4","00",0,2,"A",,,,,,1200,6,"D","C","A","30TH ST","CAPITOL AV",0,,"Y","2015-07-16",3404,"2015-06-11",925,"0587",,"5","7","0","0",,"0","06D","-","N",,0,0,,,0,,,,"N",3,"D","-",0,,"N","A","H","-","A","A","0","Y","-","-",0,0,2,0,0,0,0,0,0,"-","-","SACRAMENTO","SACRAMENTO","CA",0,0
"6966202",-121.5014831,38.565265,2015,"3404","0","5","4","12",0,1,"A",,,,,,2100,6,"D","C","A","X ST","9TH ST",0,,"Y","2015-07-11",3404,"2015-06-19",1950,"8198","4","5","7","0","0",,"0","00A","-","N",,0,0,,,0,,,,"Y",2,"A","-",21453,"A","N","-","H","-","B","A","0","Y","A","01",0,0,1,0,0,0,0,0,0,"-","-","SACRAMENTO","SACRAMENTO","CA",0,0
"6966198",-121.3858931,38.5581651,2015,"3404","0","5","4","03",0,1,"A",,,,,,1200,6,"C","C","A","WATT AV","RT 50",0,,"Y","2017-01-04",3404,"2015-06-19",1138,"417",,"5","7","0","0",,"0",,"-","Y","SAC",3,50,"-","R",5.055,"R","4","W","Y",2,"A","-",22350,,"N","A","H","-","A","A","0","Y","A","07",0,0,1,0,0,0,0,0,0,"-","-","SACRAMENTO","SACRAMENTO","CA",0,0
"6966194",-121.5040931,38.597055,2015,"3404","0","5","3","09",0,2,"A",,,,,,900,6,"D","C","A","NORTH 16TH ST","RICHARDS BL",0,,"Y","2016-06-13",3404,"2015-06-12",807,"0424",,"5","7","0","0",,"0",,"-","N",,0,0,,,0,,,,"Y",2,"A","-",21453,"C","N","A","H","-","A","A","0","Y","-",,0,1,1,0,0,0,0,0,0,"-","-","SACRAMENTO","SACRAMENTO","CA",0,0
"6965668",-121.4396974,38.490064,2015,"3404","3","5","4","08",0,3,"A","Y",,,,,300,5,"C","C","E","RT 99","FLORIN RD",2640,"S","N","2017-01-09",9252,"2015-05-29",105,"18961",,"3","7","0","1",,"2","192","-","Y","SAC",3,99,"-","-",19.11,"H","-","S","Y",4,"A","-",22107,,"N","A","H","-","D","D","1","Y","A","01",0,0,3,0,1,0,0,0,0,"-","-","SACRAMENTO","SACRAMENTO","CA",-121.43335,38.48396
"6965660",-121.4737763,38.5454877,2015,"3404","3","5","2","03",0,1,"A",,,,,,1200,5,"C","C","A","RT 99","5TH AV",980,"S","N","2017-01-09",9252,"2015-05-29",1150,"14512",,"1","7","0","1",,"2","192","-","Y","SAC",3,99,"-","-",23.5,"H","-","N","Y",2,"A","-",22350,,"N","A","H","-","A","D","1","Y","A","01",1,0,0,0,0,0,0,0,0,"-","-","SACRAMENTO","SACRAMENTO","CA",-121.47387,38.5503
"6965656",-121.4494031,38.4991351,2015,"3400","3","7","4","21",0,1,"A",,,,,,1800,5,"C","C","A","RT 99","FLORIN RD",5,"N","N","2017-01-09",9252,"2015-05-31",1515,"18317",,"2","9","0","1",,"2","192","-","Y","SAC",3,99,"-","-",19.808,"R","1","S","N",2,"A","-",22106,,"N","A","H","-","A","A","1","Y","A","07",0,0,1,0,0,0,0,0,0,"TO","-","UNINCORPORATED","SACRAMENTO","CA",-121.86762,38.45628
"6965652",-121.467304,38.5600581,2015,"3404","2","4","4","03",0,1,"A",,,,,,900,5,"C","C","A","RT 50","34TH ST",100,"W","N","2017-01-03",9252,"2015-05-28",800,"13823",,"1","7","0","1",,"2","151","-","Y","SAC",3,50,"-","R",0.36,"H","-","W","Y",2,"A","-",22350,,"N","A","H","-","E","D","1","Y","A","07",0,0,1,0,0,0,0,0,0,"-","-","SACRAMENTO","SACRAMENTO","CA",-121.54347,38.49347
"6965648",-121.467592,38.5250904,2015,"3404","3","4","4","03",0,2,"A",,,,,,900,5,"C","C","A","RT 99","FRUITRIDGE RD",200,"N","N","2017-01-09",9252,"2015-05-28",730,"14512",,"1","7","0","1",,"2","192","-","Y","SAC",3,99,"-","-",21.98,"H","-","N","Y",2,"A","-",22350,,"N","A","H","-","A","D","1","Y","A","01",0,0,2,0,0,0,0,0,0,"-","-","SACRAMENTO","SACRAMENTO","CA",-121.4681,38.52597
"6965644",-121.4519455,38.5018674,2015,"3400","3","4","4","18",0,1,"A",,,,,,1200,5,"E","I","A","RT 99","FLORIN RD",2640,"N","N","2017-01-09",9252,"2015-05-28",1145,"17869",,"1","9","0","1",,"2","192","-","Y","SAC",3,99,"-","-",20.11,"H","-","N","Y",1,"C","-",0,,"N","A","H","-","A","D","1","Y","-","-",0,0,1,0,0,0,0,0,0,"-","-","UNINCORPORATED","SACRAMENTO","CA",0,0
"6965561",0,0,2015,"3496","0","5","2","03",0,1,"A",,,"Y",,,1800,6,"D","C","A","SUNRISE BL","BIRDCAGE CENTER LN",48,"N","N","2015-07-14",3496,"2015-06-12",1508,"168",,"5","5","0","0",,"0",,"-","N",,0,0,,,0,,,,"Y",2,"A","-",22350,,"N","A","H","-","A","D","0","Y","C","02",1,0,0,0,0,0,0,0,1,"-","-","CITRUS HEIGHTS","SACRAMENTO","CA",0,0
"6965557",-121.2579683,38.7099782,2015,"3496","0","1","4","12",0,4,"A",,,,,,2100,6,"D","C","A","OLD AUBURN RD","WOODDALE WY",5,"W","N","2015-07-14",3496,"2015-06-15",1934,"375","3496","5","5","0","0",,"0","002","-","N",,0,0,,,0,,,,"Y",2,"A","-",22450,"A","N","A","H","-","A","A","0","Y","A","01",0,0,4,0,0,0,0,0,0,"-","-","CITRUS HEIGHTS","SACRAMENTO","CA",0,0
"6965553",-121.3084031,38.7083051,2015,"3496","0","5","4","03",0,1,"A",,,,,,1800,6,"C","C","A","ANTELOPE RD","RT 80",40,"W","N","2016-12-19",3496,"2015-06-12",1710,"136",,"5","5","0","0",,"0",,"-","Y","SAC",3,80,"-","-",16.67,"R","4","E","Y",2,"A","-",22350,,"N","A","H","-","A","A","0","Y","-",,0,0,1,0,0,0,0,0,0,"-","-","CITRUS HEIGHTS","SACRAMENTO","CA",0,0
"6965549",-121.2718693,38.7081319,2015,"3496","0","4","4","03",0,1,"A",,,,,,1800,6,"C","C","A","SUNRISE BL","ANTELOPE RD",170,"N","N","2015-07-14",3496,"2015-06-18",1525,"136","3496","5","5","0","0",,"0","001","-","N",,0,0,,,0,,,,"N",2,"A","-",22350,,"N","A","H","-","A","A","0","Y","A","01",0,0,1,0,0,0,0,0,0,"-","-","CITRUS HEIGHTS","SACRAMENTO","CA",0,0
"6965545",-121.2961157,38.6783047,2015,"3496","0","4","4","08",0,1,"A",,,,,,2500,6,"D","C","A","GREENBACK LN","SHUPE DR",15,"W","N","2015-07-14",3496,"2015-06-18",2500,"145",,"5","5","0","0",,"0","003","-","N",,0,0,,,0,,,,"N",2,"A","-",22102,,"F","A","H","-","A","A","0","Y","A","01",0,0,1,0,0,0,0,0,0,"-","-","CITRUS HEIGHTS","SACRAMENTO","CA",0,0
"6965318",-121.1693907,38.6767701,2015,"3401","0","2","4","09",0,1,"A",,,,,,1500,6,"A","C","A","COLOMA ST","PERSIFER ST",25,"E","N","2015-07-09",3401,"2015-06-16",1404,"231","CA034","5","5","0","0",,"0","002","-","N",,0,0,,,0,,,,"Y",2,"A","-",21802,"A","N","A","H","-","A","A","0","Y","A","07",0,0,1,0,0,0,0,0,0,"-","-","FOLSOM","SACRAMENTO","CA",0,0
"6965314",-121.161263,38.6719351,2015,"3401","0","1","4","12",0,2,"A",,,,,,2100,6,"D","C","A","E BIDWELL ST","WALES DR",0,,"Y","2015-07-09",3401,"2015-06-08",2000,"198","CA034","5","5","0","0",,"0","002","-","N",,0,0,,,0,,,,"N",2,"A","-",21453,"A","N","A","H","-","B","A","0","Y","A","01",0,0,2,0,0,0,0,0,0,"-","-","FOLSOM","SACRAMENTO","CA",0,0
"6965283",-121.3839103,38.4020269,2015,"3450","3","2","4","03",0,1,"A",,,,,,900,6,"C","C","A","RT 99","ELK GROVE BL",2640,"S","N","2017-01-09",9252,"2015-06-02",840,"17663",,"1","5","0","1",,"2","191","-","Y","SAC",3,99,"-","-",12.26,"H","-","N","Y",2,"A","-",22350,,"N","A","H","-","A","D","1","Y","A","01",0,0,1,0,0,0,0,0,0,"-","-","ELK GROVE","SACRAMENTO","CA",-121.38488,38.4073
"6965272",-121.4491663,38.5580806,2015,"3404","2","2","4","03",0,2,"A",,,,,,1800,6,"C","C","A","RT 50","48TH ST",100,"W","N","2017-01-03",9252,"2015-06-16",1755,"013823",,"2","7","0","1",,"2","151","-","Y","SAC",3,50,"-","R",1.39,"H","-","W","Y",2,"A","-",22350,,"N","A","H","-","A","D","1","Y","A","01",0,0,2,0,0,0,0,0,0,"-","-","SACRAMENTO","SACRAMENTO","CA",-121.54347,38.49347
"6965268",-121.4125594,38.5531436,2015,"3404","2","1","4","03",0,2,"A",,,,,,1800,6,"C","C","A","RT 50","HORNET DR",200,"W","N","2017-01-04",9252,"2015-06-15",1710,"013823",,"2","7","0","1",,"2","151","-","Y","SAC",3,50,"-","R",3.4,"H","-","W","Y",3,"A","-",22350,,"N","A","H","-","A","D","1","Y","A","01",0,0,2,0,0,0,0,0,0,"-","-","SACRAMENTO","SACRAMENTO","CA",-121.54347,38.49347
"6964839",-121.1824975,38.6696478,2015,"3401","0","5","4","03",0,1,"A",,,,,,1500,6,"C","C","A","FOLSOM BL","BIDWELL ST",500,"N","N","2015-07-10",3401,"2015-06-12",1425,"163","CA034","5","5","0","0",,"0","002","-","N",,0,0,,,0,,,,"Y",2,"A","-",22350,,"N","A","H","-","A","A","0","Y","A","01",0,0,1,0,0,0,0,0,0,"-","-","FOLSOM","SACRAMENTO","CA",0,0
"6964689",-121.4640181,38.5184095,2015,"3400","3","2","4","03",0,1,"A",,,,,,900,6,"C","C","A","RT 99","MARTIN LUTHER KING JR BL",200,"S","N","2017-01-09",9252,"2015-06-16",810,"15006",,"1","9","0","1",,"2","192","-","Y","SAC",3,99,"-","-",21.53,"H","-","N","N",3,"A","-",22350,,"N","A","H","-","A","D","1","Y","D","22",0,0,1,0,0,0,0,0,0,"-","-","UNINCORPORATED","SACRAMENTO","CA",-121.7123,38.5413
"6964653",-121.3877331,38.4076651,2015,"3450","3","3","4","03",0,1,"A",,,,,,900,5,"C","C","A","RT 99","ELK GROVE BL",600,"S","N","2017-01-09",9252,"2015-05-20",728,"14512",,"1","5","0","1",,"2","191","-","Y","SAC",3,99,"-","-",12.65,"H","-","N","N",3,"A","-",22350,,"N","A","H","-","A","D","1","Y","E","22",0,0,1,0,0,0,0,0,0,"-","-","ELK GROVE","SACRAMENTO","CA",-121.38756,38.40743
"6964650",-121.5070251,38.5671935,2015,"3404","2","1","4","03",0,2,"A",,,,,,300,5,"C","C","A","RT 50","5TH ST",300,"W","N","2017-01-04",9252,"2015-05-18",1,"18695",,"3","7","0","1",,"2","150","-","Y","SAC",3,50,"-","L",0.51,"H","-","E","Y",2,"A","-",22350,,"N","A","H","-","C","D","1","Y","A","01",0,0,2,0,0,0,0,0,0,"-","-","SACRAMENTO","SACRAMENTO","CA",-121.51142,38.56837
"6964649",-121.4340512,38.5524272,2015,"3404","2","3","4","03",0,1,"A",,,,,,900,5,"C","C","A","RT 50","65TH ST",1056,"W","N","2017-01-04",9252,"2015-05-20",715,"13823",,"1","7","0","1",,"2","151","-","Y","SAC",3,50,"-","R",2.43,"H","-","W","N",2,"A","-",22350,,"N","A","H","-","A","D","1","Y","D","22",0,0,1,0,0,0,0,0,0,"-","-","SACRAMENTO","SACRAMENTO","CA",-121.54347,38.49347
"6964646",-121.4832017,38.4070248,2015,"3450","1","4","4","03",0,1,"A",,,,,,900,4,"C","C","A","RT 5","ELK GROVE BL",528,"S","N","2016-11-07",9252,"2015-04-30",810,"014453",,"1","5","0","1",,"2","106","-","Y","SAC",3,5,"-","-",10.73,"H","-","N","Y",3,"A","-",22350,,"N","A","H","-","A","D","1","Y","A","01",0,0,1,0,0,0,0,0,0,"-","-","ELK GROVE","SACRAMENTO","CA",-121.48334,38.40639
"6964645",-121.4572531,38.5068551,2015,"3400","3","1","3","03",0,1,"A",,,,"Y",,900,5,"F","A","A","RT 99","47TH AV",0,,"N","2017-01-09",9252,"2015-05-25",855,"18425",,"1","9","0","1",,"2","192","-","Y","SAC",3,99,"-","-",20.628,"R","4","N","Y",1,"A","-",22350,,"N","A","H","-","A","D","1","Y","G","25",0,1,0,0,0,0,0,0,0,"TO","-","UNINCORPORATED","SACRAMENTO","CA",-121.45708,38.51022
"6964642",-121.4482835,38.498384,2015,"3400","3","3","4","21",0,1,"A",,,,"Y",,900,5,"C","C","A","RT 99","FLORIN RD",750,"N","N","2017-01-09",9252,"2015-05-20",820,"013732",,"1","9","0","1",,"2","192","-","Y","SAC",3,99,"-","-",19.75,"H","-","N","Y",3,"A","-",22106,,"F","A","H","-","A","D","1","Y","G","25",0,0,1,0,0,0,0,0,0,"-","-","UNINCORPORATED","SACRAMENTO","CA",-121.4478,38.4979
"6964641",-121.0840472,38.3591621,2015,"3400","3","4","2","08",0,2,"A",,,,,,1500,4,"F","A","A","RT 104","RANCHO SECO",528,"E","N","2016-10-31",9252,"2015-04-30",1215,"14561",,"1","9","0","1",,"1","104","-","Y","SAC",3,104,"-","-",13.88,"H","-","E","Y",1,"A","-",22107,,"N","A","H","-","A","D","0","Y","D","22",1,0,1,0,0,0,0,0,0,"-","-","UNINCORPORATED","SACRAMENTO","CA",0,0
"6964188",-121.4123273,38.4607992,2015,"3404","3","2","3","03",0,1,"A",,,,"Y",,900,6,"C","C","A","RT 99","CALVINE RD",1426,"N","N","2017-01-09",9252,"2015-06-02",745,"015006",,"1","7","0","1",,"2","191","-","Y","SAC",3,99,"-","-",16.52,"H","-","N","Y",2,"A","-",22350,,"N","A","H","-","A","D","1","Y","G","25",0,1,0,0,0,0,0,0,0,"-","-","SACRAMENTO","SACRAMENTO","CA",-121.41,38.457
"6964183",-121.4447728,38.5566127,2015,"3404","2","3","4","03",0,2,"A",,,,,,900,6,"C","C","A","RT 50","51ST ST",300,"E","N","2017-01-04",9252,"2015-06-03",800,"013732",,"1","7","0","1",,"2","151","-","Y","SAC",3,50,"-","R",1.7,"H","-","E","N",2,"A","-",22350,,"N","A","H","-","A","D","1","Y","A","01",0,0,2,0,0,0,0,0,0,"-","-","SACRAMENTO","SACRAMENTO","CA",-121.4442,38.5565