"CASEID","POINT_X","POINT_Y","YEAR_","LOCATION","CHPTYPE","DAYWEEK","CRASHSEV","VIOLCAT","KILLED","INJURED","WEATHER1","PEDCOL","BICCOL","MCCOL","TRUCKCOL","ETOH","TIMECAT","MONTH_","CRASHTYP","INVOLVE","PED","PRIMARYRD","SECONDRD","DISTANCE","DIRECT","INTERSECT_","PROCDATE","JURIS","DATE_","TIME_","BADGE","JURIDIST","SHIFT","POP","SPECIAL","BEATTYPE","LAPDDIV","BEATCLAS","BEATNUMB","WEATHER2","STATEHW","CALTRANC","CALTRAND","STROUTE","ROUTESUF","POSTPRE","POSTMILE","LOCATYPE","RAMP","SIDEHW","TOWAWAY","PARTIES","PCF","VIOLCODE","VIOL","VIOLSUB","HITRUN","ROADSURF","RDCOND1","RDCOND2","LIGHTING","RIGHTWAY","CHPRDTYP","NOTPRIV","STFAULT","CHPFAULT","SEVINJ","OTHERINJ","COP","PEDKILL","PEDINJ","BICKILL","BICINJ","MCKILL","MCINJURE","RAMP1","RAMP2","CITY","COUNTY","STATE","X_CHP","Y_CHP"
"6918927",-121.366623,38.675575,2015,"3400","5","1","2","01",0,2,"A",,,,,"Y",2400,2,"A","C","A","GILMAN WY","NORTH HAVEN DR",0,,"Y","2015-06-02",9250,"2015-02-23",2204,"15745",,"3","9","0","3",,"2","010","-","N",,0,0,,,0,,,,"Y",2,"A","-",23152,"A","N","A","H","-","C","D","0","Y","A","01",2,0,0,0,0,0,0,0,0,"-","-","UNINCORPORATED","SACRAMENTO","CA",0,0
"6918920",-121.3521684,38.6609329,2015,"3400","4","6","3","07",0,1,"A",,,"Y",,,1500,5,"C","C","A","MADISON AV","WALL ST",300,"E","N","2015-06-02",9250,"2015-05-02",1255,"15577",,"1","9","0","2",,"1","024","-","N",,0,0,,,0,,,,"Y",3,"A","-",21658,"A","F","A","H","-","A","D","0","Y","-","99",0,1,0,0,0,0,0,0,1,"-","-","UNINCORPORATED","SACRAMENTO","CA",0,0
"6918918",-121.4199731,38.6109251,2015,"3400","4","7","4","12",0,4,"A",,,,,,300,2,"D","C","A","EL CAMINO AV","ETHAN WY",0,,"Y","2015-06-02",9250,"2015-02-22",40,"19169",,"3","9","0","2",,"1","044","-","N",,0,0,,,0,,,,"Y",2,"A","-",21453,"A","F","A","H","-","D","A","0","Y","A","07",0,0,4,0,0,0,0,0,0,"-","-","UNINCORPORATED","SACRAMENTO","CA",-121.25119,38.36393
"6918914",-121.3830532,38.6487932,2015,"3400","4","2","4","03",0,1,"A",,,,,,900,3,"C","C","A","WATT AV","MARGARET WY",150,"S","N","2015-06-02",9250,"2015-03-24",815,"15423",,"1","9","0","2",,"1","011","-","N",,0,0,,,0,,,,"N",2,"A","-",22350,,"N","A","H","-","A","A","0","Y","A","01",0,0,1,0,0,0,0,0,0,"-","-","UNINCORPORATED","SACRAMENTO","CA",0,0
"6918910",-121.4017148,38.5887362,2015,"3400","5","5","4","05",0,1,"A",,"Y",,,,1200,4,"H","G","A","HURLEY WY","FULTON AV",75,"W","N","2015-06-02",9250,"2015-04-10",1120,"15577",,"1","9","0","3",,"2","040","-","N",,0,0,,,0,,,,"N",2,"A","-",21650,"1","N","A","H","-","A","A","0","Y","L","04",0,0,1,0,0,0,1,0,0,"-","-","UNINCORPORATED","SACRAMENTO","CA",0,0
"6918853",-121.5046831,38.6313651,2015,"3404","0","1","4","12",0,2,"A",,,,,,1200,5,"D","C","A","TRUXEL RD","RT 80",0,,"Y","2016-12-19",3404,"2015-05-18",917,"0293","1","5","7","0","0",,"0","00B","-","Y","SAC",3,80,"-","M",3.444,"R","4","E","Y",3,"A","-",21453,"A","N","A","H","-","A","A","0","Y","A","01",0,0,2,0,0,0,0,0,0,"-","EF","SACRAMENTO","SACRAMENTO","CA",0,0
"6918849",-121.4978932,38.6169969,2015,"3404","0","7","3","09",0,2,"A",,,,,,2100,5,"D","C","A","TRUXEL RD","BREWERTON DR",48,"N","N","2015-06-29",3404,"2015-05-10",2004,"8179","1","5","7","0","0",,"0","00C","-","N",,0,0,,,0,,,,"Y",2,"A","-",21801,"A","N","A","H","-","A","A","0","Y","A","07",0,1,1,0,0,0,0,0,0,"-","-","SACRAMENTO","SACRAMENTO","CA",0,0
"6918841",-121.4827631,38.499445,2015,"3404","0","1","3","12",0,3,"A",,,,,,900,5,"D","C","A","24TH ST","57TH AV",0,,"Y","2015-06-25",3404,"2015-05-18",700,"0541",,"5","7","0","0",,"0",,"-","N",,0,0,,,0,,,,"Y",2,"A","-",21453,"A","N","A","H","-","A","A","0","Y","-","-",0,1,2,0,0,0,0,0,0,"-","-","SACRAMENTO","SACRAMENTO","CA",0,0
"6917959",-121.4317631,38.628825,2015,"3404","0","5","4","08",0,3,"C",,,,,,2400,4,"A","C","A","MARYSVILLE BL","LOS ROBLES BL",0,,"Y","2015-05-20",3404,"2015-04-24",2217,"0901","2","5","7","0","0",,"0","00B","-","N",,0,0,,,0,,,,"Y",2,"A","-",22107,,"N","B","H","-","C","A","0","Y","A","01",0,0,3,0,0,0,0,0,0,"-","-","SACRAMENTO","SACRAMENTO","CA",0,0
"6917886",-121.4226554,38.6224253,2015,"3404","0","2","4","00",0,1,"A",,"Y",,"Y",,1200,5,"-","G","A","MARCONI AV","AUBURN BL",45,"W","N","2015-06-10",3404,"2015-05-12",1144,"733",,"5","7","0","0",,"0",,"-","N",,0,0,,,0,,,,"N",2,"A","-",21760,,"N","A","H","-","A","A","0","Y","F","21",0,0,1,0,0,0,1,0,0,"-","-","SACRAMENTO","SACRAMENTO","CA",0,0
"6917079",-121.2903431,38.707515,2015,"3496","0","2","3","05",0,1,"A",,"Y",,,,1800,3,"D","G","A","AUBURN BL","WATSON WY",0,,"Y","2015-05-21",3496,"2015-03-31",1645,"334","13496","5","5","0","0",,"0","001","-","N",,0,0,,,0,,,,"N",2,"A","-",21202,"A","N","A","H","-","A","D","0","Y","L","04",0,1,0,0,0,0,1,0,0,"-","-","CITRUS HEIGHTS","SACRAMENTO","CA",0,0
"6917072",-121.306988,38.2820489,2015,"3400","3","5","2","03",0,1,"A",,,"Y",,,1500,3,"C","C","A","RT 99","WALNUT AV",670,"N","N","2016-09-06",9252,"2015-03-13",1345,"14699",,"1","9","0","1",,"2","190","-","Y","SAC",3,99,"-","-",2.79,"H","-","S","Y",2,"A","-",22350,,"N","A","H","-","A","D","1","Y","C","02",1,0,0,0,0,0,0,0,1,"-","-","UNINCORPORATED","SACRAMENTO","CA",-121.3067,38.2814
"6917068",-121.4686063,38.5269983,2015,"3404","3","1","4","08",0,2,"A",,,,,,1200,3,"F","I","A","RT 99","FRUITRIDGE RD",525,"N","N","2016-10-21",9252,"2015-03-23",1112,"18575",,"1","7","0","1",,"2","192","-","Y","SAC",3,99,"-","-",22.04,"H","-","N","Y",1,"A","-",22107,,"N","A","H","-","A","D","1","Y","A","01",0,0,2,0,0,0,0,0,0,"-","-","SACRAMENTO","SACRAMENTO","CA",-121.285,38.3135
"6917064",-121.0674369,38.372898,2015,"3400","3","2","4","05",0,1,"A",,,,,,900,3,"A","C","A","RT 104","RANCHO SECO",15840,"E","N","2016-09-01",9252,"2015-03-31",602,"17325",,"1","9","0","1",,"1","104","-","Y","SAC",3,104,"-","-",15.18,"H","-","E","Y",3,"A","-",21460,"A","N","A","H","-","B","D","0","Y","A","01",0,0,1,0,0,0,0,0,0,"-","-","UNINCORPORATED","SACRAMENTO","CA",-121.07086,38.37028
"6917037",-121.3241552,38.7073537,2015,"3496","0","4","3","03",0,2,"A",,,"Y",,,1800,4,"H","J","A","ANTELOPE RD","MANGO TREE WY",12,"W","N","2015-06-03",3496,"2015-04-23",1555,"247","3496","5","5","0","0",,"0","001","-","N",,0,0,,,0,,,,"Y",2,"A","-",22350,,"N","A","H","-","A","D","0","Y","C","02",0,2,0,0,0,0,0,0,2,"-","-","CITRUS HEIGHTS","SACRAMENTO","CA",0,0
"6917033",-121.290353,38.6945851,2015,"3496","0","7","4","04",0,1,"A",,,,,,1800,5,"C","C","A","AUBURN BL","OLD AUBURN RD",0,,"Y","2015-06-10",3496,"2015-05-03",1713,"264","3496","5","5","0","0",,"0","001","-","N",,0,0,,,0,,,,"N",2,"A","-",21703,,"N","A","H","-","A","A","0","Y","D","22",0,0,1,0,0,0,0,0,0,"-","-","CITRUS HEIGHTS","SACRAMENTO","CA",0,0
"6916977",-121.3057495,38.7074264,2015,"3496","0","1","3","12",0,1,"A",,,,,,2100,5,"D","C","A","ANTELOPE RD","GARDEN GATE DR",41,"E","N","2015-06-10",3496,"2015-05-04",1820,"375","3496","5","5","0","0",,"0","001","-","N",,0,0,,,0,,,,"N",3,"A","-",21453,"A","N","A","H","-","A","A","0","Y","A","01",0,1,0,0,0,0,0,0,0,"-","-","CITRUS HEIGHTS","SACRAMENTO","CA",0,0
"6916876",-121.4177931,38.409045,2015,"3450","0","1","4","09",0,1,"A",,,,,,900,5,"D","C","A","BRUCEVILLE RD","ELK GROVE BL",0,,"Y","2015-05-29",340,"2015-05-11",806,"10599","4104","5","5","0","0",,"0","004","-","N",,0,0,,,0,,,,"Y",2,"A","-",21453,"C","N","A","H","-","A","A","0","Y","A","01",0,0,1,0,0,0,0,0,0,"-","-","ELK GROVE","SACRAMENTO","CA",0,0
"6916848",-121.4787473,38.4958651,2015,"3404","0","6","3","05",0,1,"A",,"Y",,,,1500,5,"D","G","A","FLORIN RD","WOODBINE AV",119,"E","N","2015-05-29",3404,"2015-05-02",1337,"365","P5","5","7","0","0",,"0","05A","-","N",,0,0,,,0,,,,"N",2,"A","-",21650,"1","N","A","H","-","A","D","0","Y","L","04",0,1,0,0,0,0,1,0,0,"-","-","SACRAMENTO","SACRAMENTO","CA",0,0
"6916844",0,0,2015,"3404","0","6","2","01",0,1,"A",,,,,"Y",300,5,"E","I","A","MEADOWVIEW RD","SHINING STAR DR",33,"W","N","2015-05-29",3404,"2015-05-02",225,"3568","5","5","7","0","0",,"0","00B","-","N",,0,0,,,0,,,,"Y",1,"A","-",23153,"A","N","A","H","-","C","D","0","Y","A","01",1,0,0,0,0,0,0,0,0,"-","-","SACRAMENTO","SACRAMENTO","CA",0,0
"6916704",-121.4657931,38.427215,2015,"3450","0","4","3","00",0,1,"A",,,,,,300,4,"F","I","A","LAGUNA BL","HAUSSMANN",0,"E","N","2016-06-20",340,"2015-04-23",218,"10057",,"5","5","0","0",,"0","001","G","N",,0,0,,,0,,,,"Y",1,"D","-",0,,"N","A","H","-","C","D","0","Y","-","-",0,1,0,0,0,0,0,0,0,"-","-","ELK GROVE","SACRAMENTO","CA",0,0
"6916552",-121.4523335,38.5852315,2015,"3400","3","4","4","07",0,1,"A",,,"Y",,,1800,4,"B","C","A","RT 51","ELVAS AV",528,"S","N","2016-11-05",9252,"2015-04-02",1720,"016747",,"2","9","0","1",,"2","193","-","Y","SAC",3,51,"-","-",2.33,"H","-","N","Y",2,"A","-",21658,"A","N","A","H","-","A","D","1","Y","A","01",0,0,1,0,0,0,0,0,1,"-","-","UNINCORPORATED","SACRAMENTO","CA",-121.45265,38.58514
"6916548",-121.4666574,38.5602305,2015,"3404","2","5","4","03",0,1,"A",,,,,,1500,4,"C","C","A","RT 50","RT 99",1584,"E","N","2017-01-04",9252,"2015-04-03",1435,"17134","1","2","7","0","1",,"2","151","-","Y","SAC",3,50,"-","R",0.4,"H","-","W","Y",5,"A","-",22350,,"N","A","H","-","A","D","1","Y","A","08",0,0,1,0,0,0,0,0,0,"-","-","SACRAMENTO","SACRAMENTO","CA",-121.34947,38.59347
"6916544",-121.4735844,38.5375518,2015,"3404","3","4","3","03",0,1,"A",,,,,,1200,4,"C","C","A","RT 99","12TH AV",600,"S","N","2017-01-09",9252,"2015-04-16",1005,"012342",,"1","7","0","1",,"2","192","-","Y","SAC",3,99,"-","-",22.96,"H","-","N","Y",2,"A","-",22350,,"N","A","H","-","A","D","1","Y","A","08",0,1,0,0,0,0,0,0,0,"-","-","SACRAMENTO","SACRAMENTO","CA",-121.47353,38.63895
"6916540",-121.4823843,38.5606177,2015,"3404","2","3","4","03",0,1,"A",,,"Y",,,1800,4,"C","C","A","RT 50","24TH ST",90,"W","N","2017-01-04",9252,"2015-04-08",1755,"017869",,"2","7","0","1",,"2","150","-","Y","SAC",3,50,"-","L",2.03,"H","-","E","N",2,"A","-",22350,,"N","A","H","-","A","D","1","Y","C","02",0,0,1,0,0,0,0,0,1,"-","-","SACRAMENTO","SACRAMENTO","CA",-121.481,38.56
"6916536",-121.5215331,38.5080351,2015,"3404","1","5","3","03",0,3,"A",,,,,,1800,4,"C","C","A","RT 5","GLORIA DR",1056,"S","N","2016-11-07",9252,"2015-04-10",1710,"018159",,"2","7","0","1",,"2","107","-","Y","SAC",3,5,"-","-",17.99,"H","-","S","Y",4,"A","-",22350,,"N","A","H","-","A","D","1","Y","A","01",0,2,1,0,0,0,0,0,0,"-","-","SACRAMENTO","SACRAMENTO","CA",-121.5079,38.50685
"6916501",-121.3128492,38.5765234,2015,"3490","2","3","4","03",0,1,"A",,,,,,900,4,"C","C","A","RT 50","MATHER FIELD RD",260,"E","N","2017-01-04",9260,"2015-04-29",805,"015203",,"1","5","0","1",,"2","501","-","Y","SAC",3,50,"-","R",9.36,"H","-","W","Y",2,"A","-",22350,,"N","A","H","-","A","D","1","Y","A","01",0,0,1,0,0,0,0,0,0,"-","-","RANCHO CORDOVA","SACRAMENTO","CA",-121.30725,38.57907
"6916497",-121.235023,38.678545,2015,"3400","4","4","4","-",0,1,"A",,,,,,2400,4,"D","C","A","GREENBACK LN","HICKORY AV",0,,"Y","2015-05-26",9260,"2015-04-30",2340,"017027",,"3","9","0","2",,"2","302","-","N",,0,0,,,0,,,,"Y",2,"-","-",0,,"N","A","H","-","C","A","0","Y","-","-",0,0,1,0,0,0,0,0,0,"-","-","UNINCORPORATED","SACRAMENTO","CA",-121.1061,38.4043
"6916493",-121.2614382,38.6186884,2015,"3400","5","2","4","03",0,1,"A",,,,,,2400,4,"E","I","A","GOLD RIVER RD","COLOMA RD",500,"S","N","2015-05-22",9260,"2015-04-28",2350,"018705",,"3","9","0","3",,"2","001","-","N",,0,0,,,0,,,,"N",1,"A","-",22350,,"N","A","H","-","C","D","0","Y","A","01",0,0,1,0,0,0,0,0,0,"-","-","UNINCORPORATED","SACRAMENTO","CA",0,0
"6916492",-121.473725,38.5431885,2015,"3404","3","7","4","07",0,1,"B",,,,,,1500,4,"C","C","A","RT 99","12TH AV",300,"N","N","2017-01-09",9252,"2015-04-05",1310,"017325",,"1","7","0","1",,"2","193","-","Y","SAC",3,99,"-","-",23.19,"H","-","N","Y",2,"A","-",21658,"A","N","A","H","-","A","D","1","Y","A","01",0,0,1,0,0,0,0,0,0,"-","-","SACRAMENTO","SACRAMENTO","CA",-121.86579,38.65671
"6916484",-121.4102331,38.5534251,2015,"3404","2","6","4","08",0,1,"A",,,,,,900,4,"E","J","A","RT 50","HORNET DR",70,"E","N","2017-01-04",9252,"2015-04-11",700,"018470",,"1","7","0","1",,"2","151","-","Y","SAC",3,50,"-","R",3.533,"R","2","E","Y",1,"A","-",22107,,"N","A","H","-","A","D","1","Y","A","07",0,0,1,0,0,0,0,0,0,"TO","-","SACRAMENTO","SACRAMENTO","CA",-121.41154,38.55257
"6916078",-121.3857126,38.5581825,2015,"3404","2","4","4","07",0,1,"A",,,,,,1800,4,"B","C","A","RT 50","WATT AV",1320,"W","N","2017-01-06",9252,"2015-04-02",1610,"17134",,"2","7","0","1",,"2","151","-","Y","SAC",3,50,"-","R",5.09,"H","-","W","Y",3,"A","-",21658,"A","N","A","H","-","A","D","1","Y","A","01",0,0,1,0,0,0,0,0,0,"-","-","SACRAMENTO","SACRAMENTO","CA",-121.38769,32.55788
"6915742",-121.4551854,38.274288,2015,"3404","3","6","4","03",0,1,"A",,,,,,1800,4,"C","C","A","RT 51","E ST",100,"N","N","2016-11-05",9252,"2015-04-18",1525,"018575",,"2","7","0","1",,"2","193","-","Y","SAC",3,5,"-","-",1.49,"H","-","N","Y",2,"A","-",22350,,"N","A","H","-","A","D","1","Y","A","01",0,0,1,0,0,0,0,0,0,"-","-","SACRAMENTO","SACRAMENTO","CA",-121.2749,38.3451
"6915730",-121.5216188,38.5220788,2015,"3404","1","6","3","03",0,1,"C",,,,,,300,4,"C","C","A","RT 5","FRUIT RIDGE RD",1450,"S","N","2016-11-07",9252,"2015-04-25",45,"018974",,"3","7","0","1",,"2","107","-","Y","SAC",3,5,"-","-",19.03,"H","-","N","Y",3,"A","-",22350,,"N","B","H","-","D","D","1","Y","A","01",0,1,0,0,0,0,0,0,0,"-","-","SACRAMENTO","SACRAMENTO","CA",-121.52191,38.51763
"6915729",-121.5217954,38.5241304,2015,"3404","1","2","4","03",0,1,"C",,,,"Y",,600,4,"E","I","A","RT 5","SEAMAS AV",350,"S","N","2017-02-07",9252,"2015-04-07",555,"18716",,"3","7","0","1",,"2","107","-","Y","SAC",3,5,"-","-",19.23,"H","-","S","Y",3,"A","-",22350,,"N","B","H","-","C","D","1","Y","G","25",0,0,1,0,0,0,0,0,0,"-","-","SACRAMENTO","SACRAMENTO","CA",-121.52464,38.52451
"6915718",-121.5527107,38.2831639,2015,"3400","3","7","2","09",0,1,"A",,,,,"Y",2400,4,"A","C","A","RT 160","RICHARDS AV",1056,"S","N","2016-10-31",9252,"2015-04-26",2210,"018961",,"3","9","0","1",,"1","161","-","Y","SAC",3,160,"-","-",17.9,"H","-","N","Y",2,"A","-",21801,"A","F","A","H","-","D","D","0","Y","A","01",1,0,0,0,0,0,0,0,0,"-","-","UNINCORPORATED","SACRAMENTO","CA",-121.55824,38.28299
"6915710",-121.4736873,38.558746,2015,"3404","2","2","4","03",0,2,"B",,,,,,900,4,"E","I","A","RT 50","26TH ST",528,"E","N","2017-01-04",9252,"2015-04-07",630,"013823",,"1","7","0","1",,"2","150","C","Y","SAC",3,50,"-","L",2.4,"H","-","E","Y",4,"A","-",22350,,"N","B","H","-","A","D","1","Y","A","07",0,0,2,0,0,0,0,0,0,"-","-","SACRAMENTO","SACRAMENTO","CA",-121.54348,38.49346
"6915709",-121.3074115,38.2829235,2015,"3400","3","5","4","08",0,2,"A",,,,,,1800,4,"F","I","A","RT 99","WALNUT AV",900,"N","N","2017-01-09",9252,"2015-04-17",1505,"017869",,"2","9","0","1",,"2","190","-","Y","SAC",3,99,"-","-",2.87,"H","-","S","Y",3,"A","-",22107,,"N","A","H","-","A","D","1","Y","D","22",0,0,2,0,0,0,0,0,0,"-","-","UNINCORPORATED","SACRAMENTO","CA",-121.307,38.281
"6915702",-121.4598105,38.51039,2015,"3404","3","4","4","03",0,1,"A",,,,,,900,4,"C","C","A","RT 99","47TH AV",100,"S","N","2017-01-09",9252,"2015-04-23",710,"016616",,"1","7","0","1",,"2","192","-","Y","SAC",3,99,"-","-",20.84,"H","-","N","N",3,"A","-",22350,,"N","A","H","-","A","D","1","Y","A","01",0,0,1,0,0,0,0,0,0,"-","-","SACRAMENTO","SACRAMENTO","CA",-121.27581,38.30611
"6915699",-121.5065358,38.579138,2015,"3404","1","6","3","08",0,1,"A",,,,,,2100,4,"E","I","A","RT 5","O ST",70,"S","N","2016-11-07",9252,"2015-04-25",2035,"018159",,"2","7","0","1",,"2","108","-","Y","SAC",3,5,"-","-",23.25,"H","-","S","Y",1,"A","-",22107,,"N","A","H","-","C","D","1","Y","D","22",0,1,0,0,0,0,0,0,0,"-","-","SACRAMENTO","SACRAMENTO","CA",-121.50767,38.57773
"6915690",-121.4590951,38.5845541,2015,"3404","3","5","4","03",0,1,"A",,,,,,1500,4,"C","C","A","RT 51","E ST",2640,"N","N","2016-11-05",9252,"2015-04-24",1345,"018630",,"1","7","0","1",,"2","193","-","Y","SAC",3,51,"-","-",1.97,"H","-","S","N",2,"A","-",22350,,"F","A","H","-","A","D","1","Y","-","99",0,0,1,0,0,0,0,0,0,"-","-","SACRAMENTO","SACRAMENTO","CA",-121.46275,38.5823
"6915689",-121.464547,38.5791559,2015,"3404","3","1","4","03",0,1,"A",,,,,,1800,4,"C","C","A","RT 51","J ST",75,"N","N","2016-11-05",9252,"2015-04-06",1529,"018425",,"2","7","0","1",,"2","193","-","Y","SAC",3,51,"-","-",1.47,"H","-","N","N",2,"A","-",22350,,"N","A","H","-","A","D","1","Y","A","01",0,0,1,0,0,0,0,0,0,"-","-","SACRAMENTO","SACRAMENTO","CA",-121.46447,38.57911
"6915686",-121.4783088,38.383479,2015,"3400","1","2","4","03",0,2,"A",,,,,,900,4,"C","C","A","RT 5","HOOD FRANKLIN RD",2640,"N","N","2016-11-07",9252,"2015-04-21",800,"014453",,"1","9","0","1",,"2","106","-","Y","SAC",3,5,"-","-",8.99,"H","-","N","Y",4,"A","-",22350,,"N","A","H","-","A","D","1","Y","D","22",0,0,2,0,0,0,0,0,0,"-","-","UNINCORPORATED","SACRAMENTO","CA",-121.48048,38.29227
"6915682",-121.4019437,38.4379907,2015,"3450","3","1","4","03",0,1,"A",,,,,,1800,4,"C","C","A","RT 99","SHELDON RD",30,"S","N","2017-01-09",9252,"2015-04-06",1550,"015006",,"2","5","0","1",,"2","191","-","Y","SAC",3,99,"-","-",14.85,"H","-","S",,5,"A","-",22350,,"N","A","H","-","A","D","1","Y","A","01",0,0,1,0,0,0,0,0,0,"-","-","ELK GROVE","SACRAMENTO","CA",0,0
"6915681",-121.6232039,38.1397888,2015,"3404","3","6","4","07",0,1,"A",,,"Y",,,1200,4,"H","A","A","RT 12","JACKSON SLOUGH RD",150,"W","N","2016-12-17",9252,"2015-04-04",1055,"017325",,"1","7","0","1",,"1","112","-","Y","SAC",3,12,"-","-",3.67,"H","-","W","Y",2,"A","-",21658,"A","N","A","H","-","A","D","0","Y","D","22",0,0,1,0,0,0,0,0,1,"-","-","SACRAMENTO","SACRAMENTO","CA",-121.67486,38.85168
"6915680",-121.4099214,38.5534919,2015,"3404","2","5","4","03",0,1,"A",,,,,,300,4,"C","C","A","RT 50","HORNET DR",200,"E","N","2017-01-04",9252,"2015-04-10",255,"017258",,"3","7","0","1",,"2","151","-","Y","SAC",3,50,"-","R",3.54,"H","-","E","Y",2,"A","-",22350,,"N","A","H","-","D","D","1","Y","A","01",0,0,1,0,0,0,0,0,0,"-","-","SACRAMENTO","SACRAMENTO","CA",-121.41198,38.5529
"6915676",-121.5216765,38.5208742,2015,"3404","1","2","4","03",0,1,"C",,,,,,600,4,"C","C","A","RT 5","43RD AV",980,"N","N","2016-11-07",9252,"2015-04-07",555,"018470",,"3","7","0","1",,"2","107","-","Y","SAC",3,5,"-","-",18.87,"H","-","N","Y",3,"A","-",22350,,"N","B","H","-","C","D","1","Y","A","01",0,0,1,0,0,0,0,0,0,"-","-","SACRAMENTO","SACRAMENTO","CA",-121.52177,38.51924
"6915672",-121.5106286,38.4815914,2015,"3404","1","1","4","03",0,1,"A",,,,,,900,4,"C","C","A","RT 5","POCKET RD",400,"S","N","2016-11-07",9252,"2015-04-06",815,"017325",,"1","7","0","1",,"2","108","-","Y","SAC",3,5,"-","-",16.07,"H","-","N","Y",3,"A","-",22350,,"N","A","H","-","A","D","1","Y","A","01",0,0,1,0,0,0,0,0,0,"-","-","SACRAMENTO","SACRAMENTO","CA",-121.07511,38.75107
"6915664",-121.468445,38.5700174,2015,"3404","3","6","4","03",0,1,"A",,,,,,1800,4,"C","C","A","RT 51","P ST",150,"N","N","2016-11-05",9252,"2015-04-11",1712,"018425",,"2","7","0","1",,"2","193","-","Y","SAC",3,51,"-","-",0.81,"H","-","N","Y",3,"A","-",22350,,"N","A","H","-","A","D","1","Y","A","01",0,0,1,0,0,0,0,0,0,"-","-","SACRAMENTO","SACRAMENTO","CA",-121.46938,38.5682
"6915632",-121.3572237,38.3718083,2015,"3450","3","6","4","01",0,1,"A",,,,,,300,3,"B","C","A","RT 99","GRANT LINE RD",2560,"S","N","2016-09-06",9252,"2015-03-14",125,"019040",,"3","5","0","1",,"2","191","-","Y","SAC",3,99,"-","-",9.7,"H","-","N","Y",2,"A","-",23152,"E","F","A","H","-","C","D","1","Y","A","01",0,0,1,0,0,0,0,0,0,"-","-","ELK GROVE","SACRAMENTO","CA",-121.3564,38.371
"6915609",-121.225625,38.6806278,2015,"3400","4","3","4","03",0,1,"A",,,,,,1800,4,"C","C","A","HAZEL AV","CEREZO DR",50,"S","N","2015-05-28",9260,"2015-04-29",1630,"015944",,"2","9","0","2",,"2","307","-","N",,0,0,,,0,,,,"Y",2,"A","-",22350,,"N","A","H","-","A","A","0","Y","A","01",0,0,1,0,0,0,0,0,0,"-","-","UNINCORPORATED","SACRAMENTO","CA",-121.23009,38.67993
"6915358",-121.4488731,38.510455,2015,"3400","4","1","3","07",0,4,"A",,,,,,1200,4,"D","C","A","47TH AV","SAMPSON BL",0,,"Y","2015-05-21",9252,"2015-04-13",1010,"18470",,"1","9","0","2",,"1","071","-","N",,0,0,,,0,,,,"Y",3,"A","-",21658,"A","N","A","H","-","A","A","0","Y","A","01",0,1,3,0,0,0,0,0,0,"-","-","UNINCORPORATED","SACRAMENTO","CA",-121.44903,38.5104
"6915354",-121.3190538,38.4963791,2015,"3400","5","4","4","03",0,4,"A",,,,,,1500,4,"C","C","A","FLORIN RD","KNOX RD",750,"W","N","2015-05-21",9252,"2015-04-16",1345,"18233",,"1","9","0","3",,"2","074","-","N",,0,0,,,0,,,,"Y",2,"A","-",22350,,"N","A","H","-","A","D","0","Y","A","01",0,0,4,0,0,0,0,0,0,"-","-","UNINCORPORATED","SACRAMENTO","CA",-121.31902,38.49633
"6915350",-121.256306,38.4074859,2015,"3400","5","3","3","08",0,1,"A",,,,,,1200,4,"E","I","A","RANDOLPH RD","JEFFCOTT RD",1584,"N","N","2015-05-21",9252,"2015-04-15",955,"14453",,"1","9","0","3",,"2","080","-","N",,0,0,,,0,,,,"Y",1,"A","-",22107,,"N","A","H","-","A","D","0","Y","A","01",0,1,0,0,0,0,0,0,0,"-","-","UNINCORPORATED","SACRAMENTO","CA",-121.25734,38.40811
"6915346",-121.5568423,38.2035274,2015,"3400","5","6","2","03",0,2,"A",,,"Y",,,1800,4,"C","C","A","ISLETON RD","ANDRUS ISLAND RD",72,"S","N","2015-05-21",9252,"2015-04-11",1610,"14570",,"2","9","0","3",,"2","090","-","N",,0,0,,,0,,,,"Y",3,"A","-",22350,,"N","A","H","-","A","D","0","Y","C","02",1,0,1,0,0,0,0,0,2,"-","-","UNINCORPORATED","SACRAMENTO","CA",0,0
"6915345",-121.2607756,38.4101579,2015,"3400","5","7","4","03",0,1,"A",,,,,,1200,4,"C","C","A","RANDOLPH RD","GREEN RD",1000,"S","N","2015-05-21",9252,"2015-04-12",952,"18591",,"1","9","0","3",,"2","080","-","N",,0,0,,,0,,,,"Y",2,"A","-",22350,,"N","A","H","-","A","D","0","Y","A","01",0,0,1,0,0,0,0,0,0,"-","-","UNINCORPORATED","SACRAMENTO","CA",-121.26008,38.40977
"6915342",0,0,2015,"3400","5","5","4","03",0,1,"A",,,,,,1200,4,"C","C","A","WILTON OAKS CT","COSUMNES RD",60,"S","N","2015-05-21",9252,"2015-04-10",1120,"14699",,"1","9","0","3",,"2","080","-","N",,0,0,,,0,,,,"N",2,"A","-",22350,,"N","A","H","-","A","A","0","Y","A","07",0,0,1,0,0,0,0,0,0,"-","-","UNINCORPORATED","SACRAMENTO","CA",-121.2728,38.4121