"CASEID","POINT_X","POINT_Y","YEAR_","LOCATION","CHPTYPE","DAYWEEK","CRASHSEV","VIOLCAT","KILLED","INJURED","WEATHER1","PEDCOL","BICCOL","MCCOL","TRUCKCOL","ETOH","TIMECAT","MONTH_","CRASHTYP","INVOLVE","PED","PRIMARYRD","SECONDRD","DISTANCE","DIRECT","INTERSECT_","PROCDATE","JURIS","DATE_","TIME_","BADGE","JURIDIST","SHIFT","POP","SPECIAL","BEATTYPE","LAPDDIV","BEATCLAS","BEATNUMB","WEATHER2","STATEHW","CALTRANC","CALTRAND","STROUTE","ROUTESUF","POSTPRE","POSTMILE","LOCATYPE","RAMP","SIDEHW","TOWAWAY","PARTIES","PCF","VIOLCODE","VIOL","VIOLSUB","HITRUN","ROADSURF","RDCOND1","RDCOND2","LIGHTING","RIGHTWAY","CHPRDTYP","NOTPRIV","STFAULT","CHPFAULT","SEVINJ","OTHERINJ","COP","PEDKILL","PEDINJ","BICKILL","BICINJ","MCKILL","MCINJURE","RAMP1","RAMP2","CITY","COUNTY","STATE","X_CHP","Y_CHP"
"6914320",-121.3035931,38.5812751,2015,"3490","0","3","3","12",0,2,"A",,,,,,1500,4,"D","C","A","MATHER FIELD RD","RT 50",0,,"Y","2017-01-04",3400,"2015-04-08",1222,"15CSO","RCPD","5","5","0","0",,"0","005","-","Y","SAC",3,50,"-","R",9.704,"R","4","W","Y",2,"A","-",21453,"A","N","A","A","-","A","A","0","Y","A","08",0,1,1,0,0,0,0,0,0,"-","WF","RANCHO CORDOVA","SACRAMENTO","CA",0,0
"6914316",-121.2705371,38.6108428,2015,"3490","0","5","4","03",0,1,"A",,,,,,1200,4,"C","C","A","SUNRISE BL","RT 50",630,"N","N","2016-06-20",3400,"2015-04-10",900,"1174","RC","5","5","0","0",,"0","006","-","N",,0,0,,,0,,,,"Y",3,"A","-",22350,,"N","A","H","-","A","D","0","Y","A","01",0,0,1,0,0,0,0,0,0,"-","-","RANCHO CORDOVA","SACRAMENTO","CA",0,0
"6914304",-121.2693624,38.6055816,2015,"3490","0","7","2","08",0,1,"A",,,,,,2400,4,"A","I","A","SUNRISE BL","FOLSOM BL",35,"S","N","2015-05-19",3400,"2015-04-12",2149,"47","RC","5","5","0","0",,"0","005","-","N",,0,0,,,0,,,,"Y",1,"A","-",22107,,"N","A","H","-","C","A","0","Y","A","01",1,0,0,0,0,0,0,0,0,"-","-","RANCHO CORDOVA","SACRAMENTO","CA",0,0
"6914300",-121.2661985,38.5899051,2015,"3490","0","4","4","09",0,1,"A",,,,,,1800,4,"D","C","A","WHITE ROCK RD","SUNRISE BL",300,"E","N","2015-05-19",3400,"2015-04-02",1545,"1070","RC","5","5","0","0",,"0","005","-","N",,0,0,,,0,,,,"Y",2,"A","-",21804,"A","N","A","H","-","A","D","0","Y","-",,0,0,1,0,0,0,0,0,0,"-","-","RANCHO CORDOVA","SACRAMENTO","CA",0,0
"6914296",-121.300257,38.6014706,2015,"3490","0","1","3","05",0,1,"-",,"Y",,,,900,4,"D","G","A","COLOMA RD","DATTIER CT",105,"W","N","2015-05-19",3400,"2015-04-27",800,"1380","RC","5","5","0","0",,"0","005","-","N",,0,0,,,0,,,,"N",2,"A","-",21650,"1","N","A","H","-","A","D","0","Y","L","04",0,1,0,0,0,0,1,0,0,"-","-","RANCHO CORDOVA","SACRAMENTO","CA",0,0
"6914292",-121.2694851,38.6144011,2015,"3490","0","2","4","08",0,1,"B",,,,,,1800,4,"D","C","A","SUNRISE BL","ZINFANDEL DR",425,"S","N","2015-05-19",3400,"2015-04-07",1646,"1407",,"5","5","0","0",,"0",,"-","N",,0,0,,,0,,,,"N",3,"A","-",22107,,"N","B","H","-","A","D","0","Y","-",,0,0,1,0,0,0,0,0,0,"-","-","RANCHO CORDOVA","SACRAMENTO","CA",0,0
"6914288",-121.2944022,38.5839,2015,"3490","0","1","4","08",0,1,"A",,,,,,600,4,"C","E","A","DATA DR","CAPITAL CENTER DR",486,"W","N","2015-05-19",3400,"2015-04-06",510,"591","RC","5","5","0","0",,"0","005","-","N",,0,0,,,0,,,,"Y",2,"A","-",22107,,"N","A","H","-","C","D","0","Y","A","01",0,0,1,0,0,0,0,0,0,"-","-","RANCHO CORDOVA","SACRAMENTO","CA",0,0
"6914284",-121.302613,38.5741451,2015,"3490","0","4","3","09",0,1,"A",,"Y",,,,900,4,"D","G","A","MATHER FIELD RD","EL MERCADO DR",0,,"Y","2015-05-19",3400,"2015-04-30",837,"565","RC","5","5","0","0",,"0","005","-","N",,0,0,,,0,,,,"N",2,"A","-",21801,,"N","A","H","-","A","D","0","Y","L","04",0,1,0,0,0,0,1,0,0,"-","-","RANCHO CORDOVA","SACRAMENTO","CA",0,0
"6914280",0,0,2015,"3490","0","1","4","08",0,1,"A",,,,,,900,4,"E","I","A","SUNRISE BL","INTERNATIONAL DR",90,"N","N","2015-05-19",3400,"2015-04-20",645,"1174","RC","5","5","0","0",,"0","005","-","N",,0,0,,,0,,,,"Y",1,"A","-",22107,,"N","A","H","-","A","A","0","Y","A","01",0,0,1,0,0,0,0,0,0,"-","-","RANCHO CORDOVA","SACRAMENTO","CA",0,0
"6914276",-121.2651892,38.5844073,2015,"3490","0","5","4","03",0,1,"A",,,,,,1500,4,"C","C","A","SUNRISE BL","MONIER CIR N",25,"S","N","2015-05-19",3400,"2015-04-17",1315,"1003","5","5","5","0","0",,"0",,"-","N",,0,0,,,0,,,,"Y",2,"A","-",22350,,"N","A","H","-","A","A","0","Y","A","01",0,0,1,0,0,0,0,0,0,"-","-","RANCHO CORDOVA","SACRAMENTO","CA",0,0
"6914174",-121.2657195,38.595327,2015,"3490","0","7","4","08",0,1,"A",,,,,,300,3,"E","I","A","SUNRISE BL","SUNRISE PARK DR",500,"N","N","2015-05-22",3400,"2015-03-22",231,"538","5","5","5","0","0",,"0",,"-","N",,0,0,,,0,,,,"Y",1,"A","-",22107,,"N","A","H","-","C","D","0","Y","A","01",0,0,1,0,0,0,0,0,0,"-","-","RANCHO CORDOVA","SACRAMENTO","CA",0,0
"6914170",-121.2828986,38.615953,2015,"3490","0","1","4","03",0,1,"A",,,,,,1800,3,"C","C","A","COLOMA RD","ELMANTO DR",445,"E","N","2015-05-22",3400,"2015-03-30",1605,"47","RC","5","5","0","0",,"0","005","-","N",,0,0,,,0,,,,"Y",3,"A","-",22350,,"N","A","H","-","A","D","0","Y","A","01",0,0,1,0,0,0,0,0,0,"-","-","RANCHO CORDOVA","SACRAMENTO","CA",0,0
"6914165",0,0,2015,"3496","0","2","4","04",0,2,"A",,,,,,1800,3,"C","C","A","DEWEY DR","SUMMER RAIN WY",12,"W","N","2015-05-22",3496,"2015-03-24",1500,"389","3496","5","5","0","0",,"0","003","-","N",,0,0,,,0,,,,"N",2,"A","-",21703,,"N","A","H","-","A","A","0","Y","A","01",0,0,2,0,0,0,0,0,0,"-","-","CITRUS HEIGHTS","SACRAMENTO","CA",0,0
"6913883",-121.2668872,38.6185281,2015,"3490","0","4","4","03",0,1,"A",,,,,,1500,4,"C","C","A","COLOMA RD","SUNRISE BL",410,"E","N","2015-05-18",3400,"2015-04-09",1236,"15CSO","RCPD","5","5","0","0",,"0","004","-","N",,0,0,,,0,,,,"Y",3,"A","-",22350,,"N","A","H","-","A","A","0","Y","A","07",0,0,1,0,0,0,0,0,0,"-","-","RANCHO CORDOVA","SACRAMENTO","CA",0,0
"6913875",-121.2659046,38.5899051,2015,"3490","0","5","4","09",0,1,"A",,,,,,1500,4,"D","C","A","WHITE ROCK RD","SUNRISE BL",216,"E","N","2015-05-19",3400,"2015-04-10",1436,"15CSO","RCPD","5","5","0","0",,"0","006","-","N",,0,0,,,0,,,,"Y",2,"A","-",21804,"A","N","A","H","-","A","D","0","Y","A","01",0,0,1,0,0,0,0,0,0,"-","-","RANCHO CORDOVA","SACRAMENTO","CA",0,0
"6913766",-121.1544646,38.6695718,2015,"3401","0","4","1","10",1,0,"A","Y",,,,,1800,4,"G","B","F","E BIDWELL ST","BLUE RAVINE RD",194,"W","N","2015-09-30",3401,"2015-04-16",1744,"200","CA034","5","5","0","0",,"0","002","-","N",,0,0,,,0,,,,"N",2,"A","-",21952,,"N","A","H","-","A","D","0","Y","A","01",0,0,0,1,0,0,0,0,0,"-","-","FOLSOM","SACRAMENTO","CA",0,0
"6913579",-121.1550928,38.6697676,2015,"3401","0","5","4","09",0,1,"A",,,,,,1800,4,"D","C","A","E BIDWELL ST","BLUE RAVINE RD",387,"N","N","2015-06-10",3401,"2015-04-24",1600,"229","3401","5","5","0","0",,"0","002","-","N",,0,0,,,0,,,,"Y",2,"A","-",21801,"A","N","A","H","-","A","D","0","Y","A","01",0,0,1,0,0,0,0,0,0,"-","-","FOLSOM","SACRAMENTO","CA",0,0
"6913575",-121.1233662,38.6908922,2015,"3401","0","2","3","09",0,1,"B",,"Y",,,,2100,4,"H","G","A","GREEN VALLEY RD","E NATOMA ST",11,"N","N","2015-05-22",3401,"2015-04-21",2021,"200","3401","5","5","0","0",,"0","003","-","N",,0,0,,,0,,,,"N",2,"A","-",21804,"A","N","A","H","-","C","A","0","Y","-","-",0,1,0,0,0,0,1,0,0,"-","-","FOLSOM","SACRAMENTO","CA",0,0
"6913571",-121.175693,38.676985,2015,"3401","0","6","2","12",0,1,"A",,,"Y",,,1800,4,"D","C","A","RILEY ST","FIGUEROA ST",0,,"Y","2015-05-22",3401,"2015-04-25",1749,"212","3401","5","5","0","0",,"0","002","-","N",,0,0,,,0,,,,"Y",2,"A","-",22450,"A","N","A","H","-","A","D","0","Y","A","07",1,0,0,0,0,0,0,0,1,"-","-","FOLSOM","SACRAMENTO","CA",0,0
"6913567",-121.162473,38.669915,2015,"3401","0","4","3","00",0,1,"A",,"Y",,,,1500,4,"D","G","A","RILEY ST","WALES DR",0,,"Y","2015-05-22",3401,"2015-04-30",1333,"203","3401","5","5","0","0",,"0","002","-","N",,0,0,,,0,,,,"N",2,"D","-",0,,"N","A","H","-","A","A","0","Y","-","-",0,1,0,0,0,0,1,0,0,"-","-","FOLSOM","SACRAMENTO","CA",0,0
"6913543",-121.473453,38.567555,2015,"3404","0","3","4","09",0,1,"A",,,,,,1200,4,"D","C","A","P ST","27TH ST",0,,"Y","2015-05-28",3404,"2015-04-01",936,"510","P3","5","7","0","0",,"0","03B","-","N",,0,0,,,0,,,,"Y",2,"A","-",21801,"A","N","A","H","-","A","A","0","Y","A","01",0,0,1,0,0,0,0,0,0,"-","-","SACRAMENTO","SACRAMENTO","CA",0,0
"6913539",0,0,2015,"3404","0","7","4","09",0,2,"B",,,,,,1500,4,"A","C","A","FLORIN RD","FRONTAGE RD",0,,"Y","2015-05-22",3404,"2015-04-05",1420,"892",,"5","7","0","0",,"0","04C","C","N",,0,0,,,0,,,,"Y",2,"A","-",21801,"A","N","B","H","-","A","-","0","Y","-",,0,0,2,0,0,0,0,0,0,"-","-","SACRAMENTO","SACRAMENTO","CA",0,0
"6913514",0,0,2015,"3404","0","2","4","12",0,2,"A",,,,,,1500,5,"D","C","A","FRANKLIN BL","SHINING STAR DR",0,,"Y","2015-06-11",3404,"2015-05-12",1336,"0478",,"5","7","0","0",,"0",,"-","N",,0,0,,,0,,,,"Y",2,"A","-",21453,"A","N","A","H","-","A","A","0","Y","-","-",0,0,2,0,0,0,0,0,0,"-","-","SACRAMENTO","SACRAMENTO","CA",0,0
"6913504",0,0,2015,"3404","0","6","4","03",0,1,"A","Y",,,,,1800,5,"G","B","D","16TH AV","37TH AV",69,"W","N","2015-05-26",3404,"2015-05-02",1653,"8187","6","5","7","0","0",,"0","00A","-","N",,0,0,,,0,,,,"N",2,"A","-",22350,,"N","A","H","-","A","D","0","Y","A","07",0,0,1,0,1,0,0,0,0,"-","-","SACRAMENTO","SACRAMENTO","CA",0,0
"6913492",-121.4903532,38.580675,2015,"3404","0","5","4","12",0,1,"A",,,,,,1200,5,"D","C","A","12TH ST","I ST",0,,"Y","2015-05-26",3404,"2015-05-01",1126,"0478","3","5","7","0","0",,"0","00B","-","N",,0,0,,,0,,,,"Y",2,"A","-",21453,"A","N","A","H","-","A","A","0","Y","-",,0,0,1,0,0,0,0,0,0,"-","-","SACRAMENTO","SACRAMENTO","CA",0,0
"6913484",-121.4438783,38.6063929,2015,"3404","0","7","3","03",0,1,"A",,"Y",,,,2100,5,"D","G","A","ARDEN WY","EVERGREEN ST",10,"E","N","2015-05-26",3404,"2015-05-03",2031,"8187","2C","5","7","0","0",,"0",,"-","N",,0,0,,,0,,,,"N",2,"A","-",22350,,"N","A","H","-","C","A","0","Y","L","04",0,1,0,0,0,0,1,0,0,"-","-","SACRAMENTO","SACRAMENTO","CA",0,0
"6913480",-121.4800131,38.5729951,2015,"3404","0","1","4","07",0,1,"A",,,,,,1200,5,"D","C","A","21ST ST","CAPITOL AV",0,,"Y","2015-05-26",3404,"2015-05-04",1107,"0831",,"5","7","0","0",,"0","03B","-","N",,0,0,,,0,,,,"N",2,"A","-",21658,"A","N","A","H","-","A","A","0","Y","A",,0,0,1,0,0,0,0,0,0,"-","-","SACRAMENTO","SACRAMENTO","CA",0,0
"6913472",-121.5236431,38.495885,2015,"3404","0","6","3","12",0,2,"A",,,,,,900,5,"D","C","A","FLORIN RD","GREENHAVEN DR",0,,"Y","2015-05-26",3404,"2015-05-02",743,"0200","4","5","7","0","0",,"0","00C","-","N",,0,0,,,0,,,,"Y",2,"A","-",21453,"A","N","A","H","-","A","A","0","Y","A","08",0,1,1,0,0,0,0,0,0,"-","-","SACRAMENTO","SACRAMENTO","CA",0,0
"6910919",-121.4461032,38.6330551,2015,"3404","0","3","3","12",0,1,"A",,"Y",,,,1500,4,"D","G","A","RIO LINDA BL","SOUTH AV",0,,"Y","2015-05-12",3404,"2015-04-29",1439,"8129",,"5","7","0","0",,"0","02A","-","N",,0,0,,,0,,,,"N",2,"A","-",22450,"A","N","A","H","-","A","A","0","Y","L","04",0,1,0,0,0,0,1,0,0,"-","-","SACRAMENTO","SACRAMENTO","CA",0,0
"6910889",-121.4979132,38.62205,2015,"3404","0","6","4","03",0,1,"A",,,,,,1800,5,"C","C","A","TRUXEL RD","ROCKY BEND DR",20,"N","N","2015-07-09",3404,"2015-05-02",1519,"8129",,"5","7","0","0",,"0","01C","-","N",,0,0,,,0,,,,"Y",2,"A","-",22350,,"N","A","H","-","A","D","0","Y","A","01",0,0,1,0,0,0,0,0,0,"-","-","SACRAMENTO","SACRAMENTO","CA",0,0
"6910830",-121.4374244,38.5137627,2015,"3404","0","5","4","09",0,4,"B",,,,,,2100,4,"D","C","A","STOCKTON BL","EL PARAISO AV",32,"S","N","2015-05-19",3404,"2015-04-24",1808,"8179","6","5","7","0","0",,"0","00B","-","N",,0,0,,,0,,,,"Y",2,"A","-",21804,"A","N","A","H","-","A","D","0","Y","A","01",0,0,4,0,0,0,0,0,0,"-","-","SACRAMENTO","SACRAMENTO","CA",0,0
"6910237",-121.445233,38.441175,2015,"3450","0","5","3","08",0,3,"A",,,,,,1800,4,"D","C","A","FRANKLIN BL","LAKE PLEASANT DR",0,,"Y","2015-05-13",340,"2015-04-17",1655,"10576","2101","5","5","0","0",,"0","002","-","N",,0,0,,,0,,,,"Y",2,"A","-",22107,,"N","A","H","-","A","D","0","Y","A","01",0,1,2,0,0,0,0,0,0,"-","-","ELK GROVE","SACRAMENTO","CA",0,0
"6910233",-121.4088517,38.4091382,2015,"3450","0","6","4","01",0,3,"A",,,,,"Y",300,4,"C","C","A","ELK GROVE BL","WYMARK DR",52,"E","N","2015-05-13",340,"2015-04-18",155,"10462","4201","5","5","0","0",,"0","004","-","N",,0,0,,,0,,,,"Y",2,"A","-",23153,"A","F","A","H","-","C","A","0","Y","A","01",0,0,3,0,0,0,0,0,0,"-","-","ELK GROVE","SACRAMENTO","CA",0,0
"6910206",-121.3817755,38.4089685,2015,"3450","0","7","4","09",0,3,"A",,,,,,1200,4,"D","C","A","ELK GROVE BL","ELK RIDGE",266,"E","N","2015-05-13",340,"2015-04-19",1143,"10028","5401","5","5","0","0",,"0","005","-","N",,0,0,,,0,,,,"N",2,"A","-",21801,"A","N","A","H","-","A","D","0","Y","A","01",0,0,3,0,0,0,0,0,0,"-","-","ELK GROVE","SACRAMENTO","CA",0,0
"6910202",-121.320254,38.4132696,2015,"3450","0","1","4","03",0,1,"A",,,,,,2100,4,"E","I","A","GRANT LINE RD","FREEMAN RD",40,"N","N","2015-05-13",340,"2015-04-06",1844,"10598","1","5","5","0","0",,"0",,"-","N",,0,0,,,0,,,,"Y",1,"A","-",22350,,"N","A","H","-","A","D","0","Y","A","01",0,0,1,0,0,0,0,0,0,"-","-","ELK GROVE","SACRAMENTO","CA",0,0
"6910104",-121.5064031,38.5494151,2015,"3404","0","3","3","09",0,1,"A",,,,,,1800,4,"D","C","A","RIVERSIDE BL","8TH AV",0,,"Y","2015-05-15",3404,"2015-04-22",1715,"574",,"5","7","0","0",,"0",,"-","N",,0,0,,,0,,,,"Y",2,"A","-",21804,,"N","A","-","-","A","A","0","Y","A","01",0,1,0,0,0,0,0,0,0,"-","-","SACRAMENTO","SACRAMENTO","CA",0,0
"6910105",-121.447733,38.662105,2015,"3404","0","4","4","00",0,2,"A",,,,,,2100,4,"A","C","A","MARYSVILLE BL","RIO LINDA BL",0,,"Y","2015-05-15",3404,"2015-04-16",1959,"81R","2","5","7","0","0",,"0","00A","-","N",,0,0,,,0,,,,"Y",2,"A","-",22100,"3","N","A","H","-","C","-","0","Y","A","01",0,0,2,0,0,0,0,0,0,"-","-","SACRAMENTO","SACRAMENTO","CA",0,0
"6910103",-121.4807531,38.578165,2015,"3404","0","4","4","12",0,3,"A",,,,,,1200,4,"D","C","A","I ST","19TH ST",0,,"Y","2015-05-15",3404,"2015-04-23",1036,"0385","3","5","7","0","0",,"0","03B","-","N",,0,0,,,0,,,,"Y",2,"A","-",21453,"A","N","A","H","-","A","A","0","Y","A","08",0,0,3,0,0,0,0,0,0,"-","-","SACRAMENTO","SACRAMENTO","CA",0,0
"6910102",-121.517662,38.4833636,2015,"3404","0","1","3","01",0,1,"A",,,,,"Y",300,4,"F","I","A","GREENHAVEN DR","ALDER TREE WY",150,"S","N","2015-05-15",3404,"2015-04-27",111,"0741","P4","5","7","0","0",,"0","04C","-","N",,0,0,,,0,,,,"Y",1,"A","-",23152,"A","N","A","H","-","C","D","0","Y","A","01",0,1,0,0,0,0,0,0,0,"-","-","SACRAMENTO","SACRAMENTO","CA",0,0
"6910070",-121.4990431,38.549605,2015,"3404","0","4","4","09",0,1,"A",,,,,,900,4,"D","C","A","LAND PARK DR","PERKINS WY",0,,"Y","2015-05-14",3404,"2015-04-30",828,"0600",,"5","7","0","0",,"0",,"-","N",,0,0,,,0,,,,"N",2,"A","-",21801,"A","N","A","H","-","A","A","0","Y","A","01",0,0,1,0,0,0,0,0,0,"-","-","SACRAMENTO","SACRAMENTO","CA",0,0
"6910069",0,0,2015,"3404","0","4","4","08",0,1,"A",,,,,,1200,4,"-","C","A","1ST","56TH ST",0,,"Y","2015-05-14",3404,"2015-04-30",1125,"0842","6","5","7","0","0",,"0","00D","-","N",,0,0,,,0,,,,"Y",2,"A","-",22107,,"N","A","H","-","A","A","0","Y","A","01",0,0,1,0,0,0,0,0,0,"-","-","SACRAMENTO","SACRAMENTO","CA",0,0
"6910068",-121.4693431,38.553075,2015,"3404","0","4","4","03",0,1,"A",,"Y",,,,2100,4,"B","G","A","34TH ST","2ND AV",0,"N","N","2015-05-14",3404,"2015-04-16",1846,"8112","6","5","7","0","0",,"0","00A","-","N",,0,0,,,0,,,,"N",2,"A","-",22350,,"N","A","H","-","A","D","0","Y","A","01",0,0,1,0,0,0,1,0,0,"-","-","SACRAMENTO","SACRAMENTO","CA",0,0
"6910067",-121.4477732,38.6600489,2015,"3404","0","4","2","05",0,4,"A",,,,,,2400,4,"A","C","A","RIO LINDA BL","PINEDALE AV",86,"S","N","2015-05-14",3404,"2015-04-30",2257,"623","P2","5","7","0","0",,"0","02A","-","N",,0,0,,,0,,,,"Y",2,"A","-",21650,,"M","A","H","-","D","D","0","Y","-",,2,2,0,0,0,0,0,0,0,"-","-","SACRAMENTO","SACRAMENTO","CA",0,0
"6909438",-121.5051832,38.4813451,2015,"3404","0","3","4","12",0,1,"A",,,,,,1800,4,"D","C","A","FREEPORT BL","MEADOWVIEW RD",0,,"Y","2015-05-18",3404,"2015-04-29",1614,"8202","5","5","7","0","0",,"0","00A","-","N",,0,0,,,0,,,,"Y",2,"A","-",21453,"A","N","A","H","-","A","A","0","Y","A","01",0,0,1,0,0,0,0,0,0,"-","-","SACRAMENTO","SACRAMENTO","CA",0,0
"6908934",-121.5466231,38.5998051,2015,"3404","0","2","4","03",0,2,"A",,,,,,1800,5,"C","C","A","AUBURN BL","RT 80",0,,"Y","2016-12-19",3404,"2015-05-05",1500,"533","SACRA","5","7","0","0",,"0","02A","-","Y","PLA",3,80,"-","-",0.118,"R","4","E","Y",4,"A","-",22350,,"F","A","H","-","A","A","0","Y","-","99",0,0,2,0,0,0,0,0,0,"-","-","SACRAMENTO","SACRAMENTO","CA",0,0
"6908930",-121.4788437,38.5752188,2015,"3404","0","6","4","08",0,1,"A",,,"Y",,,2100,5,"C","E","A","K ST","21ST ST",54,"E","N","2015-06-02",3404,"2015-05-02",1902,"8178","P3","5","7","0","0",,"0","03B","-","N",,0,0,,,0,,,,"N",2,"A","-",22107,,"N","A","H","-","A","D","0","Y","O","05",0,0,1,0,0,0,0,0,1,"-","-","SACRAMENTO","SACRAMENTO","CA",0,0
"6908926",-121.4788033,38.540579,2015,"3404","0","1","4","10",0,1,"A","Y",,,,,900,5,"G","B","B","SUTTERVILLE RD","E CURTIS RD",29,"E","N","2015-06-02",3404,"2015-05-04",750,"222",,"5","7","0","0",,"0","04B","-","N",,0,0,,,0,,,,"N",2,"A","-",21950,"A","N","A","H","-","A","A","0","Y","A","01",0,0,1,0,1,0,0,0,0,"-","-","SACRAMENTO","SACRAMENTO","CA",0,0
"6908922",-121.4286231,38.539625,2015,"3404","0","1","4","12",0,2,"A",,,,,"Y",1800,5,"D","-","A","14TH AV","65TH ST",0,,"Y","2015-06-16",3404,"2015-05-04",1549,"8178","P6","5","7","0","0",,"0","06C","-","N",,0,0,,,0,,,,"Y",2,"A","-",21453,"A","F","A","H","-","A","A","0","Y","A","01",0,0,2,0,0,0,0,0,0,"-","-","SACRAMENTO","SACRAMENTO","CA",0,0
"6908906",-121.2251461,38.6992169,2015,"3400","4","1","4","01",0,1,"A",,,,,"Y",2100,5,"C","C","A","HAZEL AV","OAK AV",400,"S","N","2015-06-02",9260,"2015-05-04",1815,"018691",,"2","9","0","2",,"2","307","-","N",,0,0,,,0,,,,"N",2,"A","-",23152,"A","N","A","H","-","A","D","0","Y","A","01",0,0,1,0,0,0,0,0,0,"-","-","UNINCORPORATED","SACRAMENTO","CA",-121.13303,38.41569
"6908902",-121.2275334,38.625225,2015,"3400","2","7","2","01",0,3,"A",,,,,"Y",1500,5,"F","I","A","RT 50","HAZEL AV",3025,"W","N","2016-11-02",9260,"2015-05-03",1230,"012718",,"1","9","0","1",,"2","502","-","Y","SAC",3,50,"-","-",15.19,"H","-","E","Y",1,"A","-",23152,"A","N","A","H","-","A","D","1","Y","A","07",1,2,0,0,0,0,0,0,0,"-","-","UNINCORPORATED","SACRAMENTO","CA",0,0
"6908882",-121.2443131,38.7052897,2015,"3400","5","3","4","03",0,1,"B",,,,,,2100,5,"C","C","A","WACHTEL WY","LOIS LN",100,"N","N","2015-06-02",9260,"2015-05-06",2055,"018691",,"2","9","0","3",,"2","003","-","N",,0,0,,,0,,,,"Y",2,"A","-",22350,,"N","A","H","-","D","D","0","Y","A","01",0,0,1,0,0,0,0,0,0,"-","-","UNINCORPORATED","SACRAMENTO","CA",-121.14396,38.4216
"6908753",-121.2433323,38.6786745,2015,"3400","4","5","4","03",0,2,"B",,,,,,1800,4,"C","C","A","GREENBACK LN","KENNETH AV",300,"E","N","2015-05-18",9260,"2015-04-24",1507,"016685",,"2","9","0","2",,"2","302","-","N",,0,0,,,0,,,,"N",2,"A","-",22350,,"N","A","H","-","A","D","0","Y","A","01",0,0,2,0,0,0,0,0,0,"-","-","UNINCORPORATED","SACRAMENTO","CA",-121.24241,38.67881
"6908749",-121.2156328,38.6783289,2015,"3400","4","5","4","09",0,2,"A",,,,,,1800,4,"D","C","A","GREENBACK LN","FILBERT AV",200,"E","N","2015-05-18",9260,"2015-04-24",1600,"016328",,"2","9","0","2",,"2","302","-","N",,0,0,,,0,,,,"Y",2,"A","-",21804,"A","N","A","H","-","A","D","0","Y","A","01",0,0,2,0,0,0,0,0,0,"-","-","UNINCORPORATED","SACRAMENTO","CA",0,0
"6908745",-121.3453241,38.5317283,2015,"3400","3","4","2","03",0,1,"A",,,"Y",,,1800,4,"C","C","A","RT 16","MAYHEW RD",150,"W","N","2016-12-17",9260,"2015-04-30",1650,"016429",,"2","9","0","1",,"2","116","-","Y","SAC",3,16,"-","-",5.63,"H","-","E","Y",4,"A","-",22350,,"F","A","H","-","A","D","0","Y","A","01",1,0,0,0,0,0,0,0,1,"-","-","UNINCORPORATED","SACRAMENTO","CA",0,0
"6908741",-121.1848973,38.6413213,2015,"3401","2","5","4","03",0,1,"A",,,,,,900,4,"C","C","A","RT 50","FOLSOM BL",3168,"E","N","2017-01-04",9260,"2015-04-17",815,"012718",,"1","5","0","1",,"2","502","-","Y","SAC",3,50,"-","-",17.68,"H","-","E","Y",2,"A","-",22350,,"N","A","H","-","A","D","1","Y","A","01",0,0,1,0,0,0,0,0,0,"-","-","FOLSOM","SACRAMENTO","CA",0,0
"6908737",-121.1687219,38.6426858,2015,"3401","2","3","4","08",0,1,"A",,,,,,2100,4,"F","A","A","RT 50","PRAIRIE CITY RD",3168,"W","N","2017-01-04",9260,"2015-04-22",1835,"013761",,"2","5","0","1",,"2","502","-","Y","SAC",3,50,"-","-",18.63,"H","-","W","Y",1,"A","-",22107,,"N","A","H","-","A","D","1","Y","A","01",0,0,1,0,0,0,0,0,0,"-","-","FOLSOM","SACRAMENTO","CA",-121.16806,38.64274
"6908733",-121.1073631,38.6437352,2015,"3401","2","4","4","08",0,1,"A",,,,,,2400,4,"E","I","A","RT 50","E BIDWELL ST",750,"E","N","2017-01-04",9260,"2015-04-23",2355,"018316",,"3","5","0","1",,"2","502","-","Y","SAC",3,50,"-","-",21.723,"R","2","W","Y",1,"A","-",22107,,"N","A","H","-","C","D","1","Y","A","01",0,0,1,0,0,0,0,0,0,"TO","-","FOLSOM","SACRAMENTO","CA",-121.06434,38.38374
"6908729",-121.2643403,38.6574177,2015,"3400","4","4","3","08",0,1,"A",,"Y",,,,1800,4,"H","G","A","FAIR OAKS BL","ORANGE TREE CT",200,"S","N","2015-05-18",9260,"2015-04-23",1615,"016328",,"2","9","0","2",,"2","305","-","N",,0,0,,,0,,,,"N",2,"A","-",22107,,"N","A","H","-","A","D","0","Y","L","04",0,1,0,0,0,0,1,0,0,"-","-","UNINCORPORATED","SACRAMENTO","CA",0,0
"6908725",0,0,2015,"3400","5","5","3","08",0,1,"A",,,"Y",,,1800,4,"A","J","A","MARISSA WY","PYRITES WY",0,,"Y","2015-05-18",9260,"2015-04-17",1650,"016352",,"2","9","0","3",,"2","001","-","N",,0,0,,,0,,,,"N",2,"A","-",22107,,"N","A","H","-","A","D","0","Y","C","03",0,1,0,0,0,0,0,0,1,"-","-","UNINCORPORATED","SACRAMENTO","CA",-121.15059,38.70854
"6908721",0,0,2015,"3400","5","5","3","03",0,1,"A",,"Y",,,,2100,4,"E","J","A","SUNSET AV","SUNSET VIEW LN",75,"E","N","2015-05-18",9260,"2015-04-17",1920,"018456",,"2","9","0","3",,"2","003","-","N",,0,0,,,0,,,,"N",1,"A","-",22350,,"N","A","H","-","B","D","0","Y","L","04",0,1,0,0,0,0,1,0,0,"-","-","UNINCORPORATED","SACRAMENTO","CA",0,0