"CASEID","POINT_X","POINT_Y","YEAR_","LOCATION","CHPTYPE","DAYWEEK","CRASHSEV","VIOLCAT","KILLED","INJURED","WEATHER1","PEDCOL","BICCOL","MCCOL","TRUCKCOL","ETOH","TIMECAT","MONTH_","CRASHTYP","INVOLVE","PED","PRIMARYRD","SECONDRD","DISTANCE","DIRECT","INTERSECT_","PROCDATE","JURIS","DATE_","TIME_","BADGE","JURIDIST","SHIFT","POP","SPECIAL","BEATTYPE","LAPDDIV","BEATCLAS","BEATNUMB","WEATHER2","STATEHW","CALTRANC","CALTRAND","STROUTE","ROUTESUF","POSTPRE","POSTMILE","LOCATYPE","RAMP","SIDEHW","TOWAWAY","PARTIES","PCF","VIOLCODE","VIOL","VIOLSUB","HITRUN","ROADSURF","RDCOND1","RDCOND2","LIGHTING","RIGHTWAY","CHPRDTYP","NOTPRIV","STFAULT","CHPFAULT","SEVINJ","OTHERINJ","COP","PEDKILL","PEDINJ","BICKILL","BICINJ","MCKILL","MCINJURE","RAMP1","RAMP2","CITY","COUNTY","STATE","X_CHP","Y_CHP"
"6885544",-121.3542538,38.4642122,2015,"3400","4","5","3","08",0,1,"A",,,"Y",,,1800,3,"D","C","A","WATERMAN RD","VINTAGE PARK DR",50,"N","N","2015-04-23",9252,"2015-03-20",1520,"018787",,"2","9","0","2",,"2","073","-","N",,0,0,,,0,,,,"N",2,"A","-",22103,,"F","A","H","-","A","A","0","Y","A","01",0,1,0,0,0,0,0,0,1,"-","-","UNINCORPORATED","SACRAMENTO","CA",-121.35417,38.46415
"6885540",-121.5660664,38.1922729,2015,"3400","5","7","4","08",0,1,"A",,,"Y",,,1800,3,"F","A","A","ISLETON RD","ANDRUS ISLAND RD",5280,"S","N","2015-04-23",9252,"2015-03-29",1615,"018591",,"2","9","0","3",,"2","090","-","N",,0,0,,,0,,,,"N",1,"A","-",22107,,"N","A","H","-","D","D","0","Y","C","02",0,0,1,0,0,0,0,0,1,"-","-","UNINCORPORATED","SACRAMENTO","CA",-121.55655,38.2372
"6885536",-121.2900344,38.4526451,2015,"3400","5","7","4","03",0,1,"A",,,,,,1800,3,"D","C","A","CALVINE RD","KINDER LN",160,"E","N","2015-04-23",9252,"2015-03-29",1645,"018423",,"2","9","0","3",,"2","074","-","N",,0,0,,,0,,,,"Y",2,"A","-",22350,,"N","A","H","-","A","D","0","Y","A","08",0,0,1,0,0,0,0,0,0,"-","-","UNINCORPORATED","SACRAMENTO","CA",-121.29001,38.45265
"6885532",-121.4131931,38.496115,2015,"3400","4","6","3","05",0,1,"A",,"Y",,,,1800,3,"H","G","A","FLORIN RD","STRAND ST",0,,"Y","2015-04-23",9252,"2015-03-21",1520,"018423",,"2","9","0","2",,"2","073","-","N",,0,0,,,0,,,,"N",2,"A","-",21650,"1","N","A","H","-","A","A","0","Y","L","04",0,1,0,0,0,0,1,0,0,"-","-","UNINCORPORATED","SACRAMENTO","CA",-121.41314,38.49593
"6885528",-121.2456126,38.5064582,2015,"3400","5","5","4","21",0,1,"A",,,,,,1200,3,"C","C","A","SUNRISE BL","RT 16",200,"S","N","2016-09-07",9252,"2015-03-27",1040,"013720",,"1","9","0","3",,"2","074","-","Y","SAC",3,16,"-","R",11.474,"I","6","E","N",3,"A","-",22106,,"N","A","H","-","A","D","0","Y","A","01",0,0,1,0,0,0,0,0,0,"-","-","UNINCORPORATED","SACRAMENTO","CA",-121.24233,38.50512
"6885524",-121.4692331,38.510375,2015,"3400","4","5","4","09",0,1,"A",,,,,,1500,3,"D","C","A","47TH AV","KIESSIG AV",0,,"Y","2015-04-23",9252,"2015-03-27",1406,"018787",,"2","9","0","2",,"1","072","-","N",,0,0,,,0,,,,"N",2,"A","-",21802,"A","N","A","H","-","A","A","0","Y","A","07",0,0,1,0,0,0,0,0,0,"-","-","UNINCORPORATED","SACRAMENTO","CA",-121.46924,38.51036
"6884767",0,0,2015,"3450","0","6","4","08",0,1,"A",,,,,,1500,3,"D","C","A","POWER INN RD","POWER INN RD",36,"E","N","2015-04-21",340,"2015-03-28",1452,"10097","3102","5","5","0","0",,"0","003","-","N",,0,0,,,0,,,,"N",2,"A","-",22107,,"N","A","H","-","A","D","0","Y","A","07",0,0,1,0,0,0,0,0,0,"-","-","ELK GROVE","SACRAMENTO","CA",0,0
"6884763",-121.4457851,38.4377841,2015,"3450","0","2","4","08",0,1,"A",,,,,,300,3,"E","I","A","FRANKLIN RD","SIMMS RD",18,"N","N","2015-04-21",340,"2015-03-31",27,"10107","2101","5","5","0","0",,"0","002","-","N",,0,0,,,0,,,,"Y",1,"A","-",22107,,"N","A","H","-","C","D","0","Y","A","01",0,0,1,0,0,0,0,0,0,"-","-","ELK GROVE","SACRAMENTO","CA",0,0
"6884759",-121.3715202,38.4087179,2015,"3450","0","2","4","03",0,2,"A",,,,,,1800,3,"C","C","A","ELK GROVE FLORIN RD","ELK GROVE BL",90,"S","N","2015-04-21",340,"2015-03-31",1719,"10601","5402","5","5","0","0",,"0","005","-","N",,0,0,,,0,,,,"N",3,"A","-",22350,,"N","A","H","-","A","A","0","Y","A","01",0,0,2,0,0,0,0,0,0,"-","-","ELK GROVE","SACRAMENTO","CA",0,0
"6884755",-121.4180025,38.4263157,2015,"3450","0","7","4","17",0,1,"A",,"Y",,,,2100,3,"A","G","A","BRUCEVILLE RD","DI LUSSO DR",568,"S","N","2015-04-21",340,"2015-03-29",1853,"10574","2110","5","5","0","0",,"0","002","-","N",,0,0,,,0,,,,"N",2,"A","-",21200,,"N","A","H","-","A","D","0","Y","L","04",0,0,1,0,0,0,1,0,0,"-","-","ELK GROVE","SACRAMENTO","CA",0,0
"6884751",-121.4357831,38.4329864,2015,"3450","0","7","2","08",0,1,"A",,,"Y",,,2100,3,"F","A","A","VILLA ROSA WY","ELK SPRING WY",25,"S","N","2015-04-21",340,"2015-03-29",1823,"10464","2104","5","5","0","0",,"0","002","-","N",,0,0,,,0,,,,"N",1,"A","-",22107,,"N","A","H","-","A","D","0","Y","C","06",1,0,0,0,0,0,0,0,1,"-","-","ELK GROVE","SACRAMENTO","CA",0,0
"6884550",-121.3537202,38.534042,2015,"3400","3","3","4","08",0,1,"B",,,,"Y",,1200,4,"D","C","A","RT 16","LIZWELCH AV",35,"W","N","2016-12-17",9260,"2015-04-08",905,"12900",,"1","9","0","1",,"2","116","-","Y","SAC",3,16,"-","-",5.15,"H","-","W","N",2,"A","-",22107,,"N","A","H","-","A","D","0","Y","F","26",0,0,1,0,0,0,0,0,0,"-","-","UNINCORPORATED","SACRAMENTO","CA",0,0
"6884467",-121.4629703,38.6202392,2015,"3404","0","2","3","01",0,1,"A",,,,,"Y",600,4,"A","E","A","REDONDO AV","EDGEWATER RD",125,"W","N","2015-07-07",3404,"2015-04-14",408,"8187","2","5","7","0","0",,"0","00B","-","N",,0,0,,,0,,,,"Y",3,"A","-",23152,"A","N","A","H","-","C","D","0","Y","A","01",0,1,0,0,0,0,0,0,0,"-","-","SACRAMENTO","SACRAMENTO","CA",0,0
"6884466",-121.4275929,38.5244272,2015,"3404","0","4","4","03",0,1,"A",,,,,,2400,4,"C","C","A","65TH ST EXPWY","FRUITRIDGE RD",258,"S","N","2015-04-27",3404,"2015-04-09",2132,"8202","6","5","7","0","0",,"0","00C","-","N",,0,0,,,0,,,,"Y",4,"A","-",22350,,"N","A","H","-","C","A","0","Y","D","22",0,0,1,0,0,0,0,0,0,"-","-","SACRAMENTO","SACRAMENTO","CA",0,0
"6884220",-121.4666831,38.5228651,2015,"3404","3","2","4","03",0,4,"B",,,,,,1500,4,"C","C","A","RT 99","FRUITRIDGE RD",500,"S","N","2017-01-09",9252,"2015-04-07",1455,"018243",,"2","7","0","1",,"2","192","C","Y","SAC",3,99,"-","-",21.85,"H","-","S","Y",2,"A","-",22350,,"N","B","H","-","A","D","1","Y","A","01",0,0,4,0,0,0,0,0,0,"-","-","SACRAMENTO","SACRAMENTO","CA",-121.46701,38.52356
"6884219",-121.407705,38.4817089,2015,"3400","4","2","4","03",0,1,"C",,,,,,900,4,"C","C","A","GERBER RD","POWER INN RD",300,"E","N","2015-04-21",9252,"2015-04-07",825,"016616",,"1","9","0","2",,"2","073","-","N",,0,0,,,0,,,,"Y",2,"A","-",22350,,"N","B","H","-","A","A","0","Y","A","01",0,0,1,0,0,0,0,0,0,"-","-","UNINCORPORATED","SACRAMENTO","CA",-121.40808,38.4817
"6884218",-121.4645731,38.510395,2015,"3400","4","7","4","12",0,1,"B",,,,,,1500,4,"D","C","A","47TH AV","MARTIN LUTHER KING JR BL",0,,"Y","2015-04-21",9252,"2015-04-05",1435,"018243",,"2","9","0","2",,"1","071","C","N",,0,0,,,0,,,,"Y",2,"A","-",21453,"A","N","B","H","-","A","A","0","Y","A","07",0,0,1,0,0,0,0,0,0,"-","-","UNINCORPORATED","SACRAMENTO","CA",-121.46466,38.51031
"6884217",-121.3631299,38.4962417,2015,"3400","5","7","4","03",0,1,"B",,,,,,1500,4,"C","C","A","FLORIN RD","HEDGE AV",125,"W","N","2015-04-21",9252,"2015-04-05",1340,"018119",,"1","9","0","3",,"2","074","C","N",,0,0,,,0,,,,"N",2,"A","-",22350,,"N","B","H","-","A","D","0","Y","A","07",0,0,1,0,0,0,0,0,0,"-","-","UNINCORPORATED","SACRAMENTO","CA",-121.35461,38.4963
"6884092",-121.3066506,38.3655942,2015,"3400","5","3","3","01",0,1,"A",,,,,"Y",2100,3,"E","I","A","DILLARD RD","RILEY RD",2640,"W","N","2015-04-23",9252,"2015-03-25",1900,"014833",,"2","9","0","3",,"2","080","-","N",,0,0,,,0,,,,"Y",1,"A","-",23152,"A","N","A","H","-","A","D","0","Y","D","22",0,1,0,0,0,0,0,0,0,"-","-","UNINCORPORATED","SACRAMENTO","CA",-121.30756,38.36477
"6884091",-121.4112281,38.4961151,2015,"3400","4","5","4","09",0,2,"B",,,,,,2100,3,"D","C","A","FLORIN RD","POWER INN RD",631,"W","N","2015-04-23",9252,"2015-03-13",1940,"018159",,"2","9","0","2",,"2","073","-","N",,0,0,,,0,,,,"Y",2,"A","-",21804,"A","N","A","H","-","C","D","0","Y","A","07",0,0,2,0,0,0,0,0,0,"-","-","UNINCORPORATED","SACRAMENTO","CA",-121.41116,38.49613
"6884089",-121.2422235,38.4843202,2015,"3400","5","4","3","01",0,1,"A",,,,,"Y",2400,3,"E","I","A","SHELDON LAKE DR","GRANT LINE RD",275,"S","N","2015-04-23",9252,"2015-03-19",2308,"018782",,"3","9","0","3",,"2","080","-","N",,0,0,,,0,,,,"Y",1,"A","-",23152,"A","N","A","H","-","D","D","0","Y","D","22",0,1,0,0,0,0,0,0,0,"-","-","UNINCORPORATED","SACRAMENTO","CA",-121.24225,38.48433
"6884084",-121.417483,38.350455,2015,"3400","5","3","4","09",0,2,"A",,,,,,900,3,"D","C","A","BRUCEVILLE RD","ESCHINGER RD",0,,"Y","2015-04-24",9252,"2015-03-25",800,"017258",,"1","9","0","3",,"2","080","-","N",,0,0,,,0,,,,"Y",2,"A","-",21802,"A","N","A","H","-","A","A","0","Y","D","22",0,0,2,0,0,0,0,0,0,"-","-","UNINCORPORATED","SACRAMENTO","CA",-121.4175,38.35046
"6884039",-121.4819431,38.5608251,2015,"3404","3","2","4","03",0,2,"B",,,,,,1800,4,"E","I","A","RT 51","28TH ST",100,"S","N","2016-11-05",9252,"2015-04-07",1515,"17293",,"2","7","0","1",,"2","193","C","Y","SAC",3,50,"-","L",2.013,"R","2","W","Y",2,"A","-",22350,,"N","B","H","-","A","D","1","Y","A","01",0,0,2,0,0,0,0,0,0,"TO","-","SACRAMENTO","SACRAMENTO","CA",-121.47573,38.55985
"6884038",-121.4797131,38.5602351,2015,"3404","3","2","4","08",0,2,"B",,,,,,1800,4,"A","C","A","RT 99","RT 50",0,"S","N","2017-01-09",9252,"2015-04-07",1515,"15718",,"2","7","0","1",,"2","192","C","Y","SAC",3,50,"-","L",2.195,"R","2","W","Y",2,"A","-",22107,,"N","B","H","-","A","D","1","Y","A","01",0,0,2,0,0,0,0,0,0,"-","-","SACRAMENTO","SACRAMENTO","CA",-121.47395,38.56002
"6884037",-121.3105031,38.2879551,2015,"3402","3","2","4","08",0,1,"B",,,,,,1200,4,"F","A","A","RT 99","TWIN CITIES RD",500,"S","N","2017-01-09",9252,"2015-04-07",1010,"14512",,"1","3","0","1",,"2","191","-","Y","SAC",3,99,"-","-",3.348,"R","2","S","Y",1,"A","-",22107,,"N","B","H","-","A","D","1","Y","A","07",0,0,1,0,0,0,0,0,0,"-","-","GALT","SACRAMENTO","CA",-121.3412,38.28914
"6884036",-121.4739331,38.5411951,2015,"3404","3","1","4","03",0,1,"A",,,,,,1800,4,"C","C","A","RT 99","12TH AV",60,"S","N","2017-01-09",9252,"2015-04-06",1715,"15006",,"2","7","0","1",,"2","192","-","Y","SAC",3,99,"-","-",23.12,"H","-","S","N",2,"A","-",22350,,"N","A","H","-","A","D","1","Y","A","01",0,0,1,0,0,0,0,0,0,"-","-","SACRAMENTO","SACRAMENTO","CA",-121.2917,38.7413
"6884035",-121.4739595,38.5426935,2015,"3404","3","5","4","03",0,1,"A",,,,,,1800,4,"C","C","A","RT 99","12TH AV",300,"N","N","2017-01-09",9252,"2015-04-03",1612,"18159",,"2","7","0","1",,"2","192","-","Y","SAC",3,99,"-","-",23.19,"H","-","S","N",2,"A","-",22350,,"N","A","H","-","A","D","1","Y","A","08",0,0,1,0,0,0,0,0,0,"-","-","SACRAMENTO","SACRAMENTO","CA",-121.47394,38.54313
"6883518",-121.2210031,38.678405,2015,"3400","4","5","4","09",0,1,"A",,,,,,900,4,"D","C","A","GREENBACK LN","PECAN AV",0,,"Y","2015-04-22",9260,"2015-04-03",755,"016429",,"1","9","0","2",,"2","302","-","N",,0,0,,,0,,,,"N",2,"A","-",21801,"A","N","A","H","-","A","D","0","Y","A","01",0,0,1,0,0,0,0,0,0,"-","-","UNINCORPORATED","SACRAMENTO","CA",0,0
"6883502",-121.2624131,38.6920751,2015,"3400","4","5","4","12",0,1,"A",,,,,"Y",2400,4,"D","C","A","WOODMORE OAKS DR","FAIR OAKS BL",0,,"Y","2015-04-22",9260,"2015-04-03",2230,"018456",,"3","9","0","2",,"2","305","-","N",,0,0,,,0,,,,"Y",2,"A","-",22450,,"F","A","H","-","C","A","0","Y","A","01",0,0,1,0,0,0,0,0,0,"-","-","UNINCORPORATED","SACRAMENTO","CA",0,0
"6883476",0,0,2015,"3400","5","4","3","00",0,1,"A",,"Y",,,,1200,4,"H","G","A","ZINFANDEL DR","WOODRING WY",1320,"N","N","2015-04-22",9260,"2015-04-02",946,"017084",,"1","9","0","3",,"2","001","-","N",,0,0,,,0,,,,"N",2,"A","-",21760,"C","N","A","E","-","A","A","0","Y","A","01",0,1,0,0,0,0,1,0,0,"-","-","UNINCORPORATED","SACRAMENTO","CA",-121.15405,38.32593
"6883472",-121.4292221,38.6549097,2015,"3404","0","5","3","07",0,1,"A",,,,,,1500,4,"E","I","A","RALEY BL","MAIN AV",100,"N","N","2015-04-22",3404,"2015-04-03",1429,"0209",,"5","7","0","0",,"0","02A","-","N",,0,0,,,0,,,,"Y",1,"A","-",21658,"A","N","A","H","-","A","A","0","Y","A","01",0,1,0,0,0,0,0,0,0,"-","-","SACRAMENTO","SACRAMENTO","CA",0,0
"6883466",-121.5252231,38.512255,2015,"3404","0","7","4","03",0,2,"A",,,,,,1800,4,"C","C","A","GREENHAVEN DR","STARLIT CIR",0,,"Y","2015-04-22",3404,"2015-04-05",1557,"293","4","5","7","0","0",,"0","00C","-","N",,0,0,,,0,,,,"Y",2,"A","-",22350,,"N","A","H","-","A","D","0","Y","A","01",0,0,2,0,0,0,0,0,0,"-","-","SACRAMENTO","SACRAMENTO","CA",0,0
"6883462",-121.4695531,38.5628551,2015,"3404","0","3","3","12",0,2,"A",,,,,,1200,4,"D","C","A","ALHAMBRA BL","S ST",0,,"Y","2015-04-23",3404,"2015-04-01",1030,"0283",,"5","7","0","0",,"0",,"-","N",,0,0,,,0,,,,"Y",4,"A","-",21453,"A","N","A","H","-","A","A","0","Y","A","01",0,1,1,0,0,0,0,0,0,"-","-","SACRAMENTO","SACRAMENTO","CA",0,0
"6883459",-121.481743,38.558745,2015,"3404","0","2","3","09",0,1,"A",,,,,,1500,4,"A","C","A","24TH ST","BROADWAY",0,,"Y","2015-04-21",3404,"2015-04-14",1220,"8198","4","5","7","0","0",,"0","00A","-","N",,0,0,,,0,,,,"Y",2,"A","-",21801,"A","M","A","H","-","A","A","0","Y","A","01",0,1,0,0,0,0,0,0,0,"-","-","SACRAMENTO","SACRAMENTO","CA",0,0
"6883454",-121.3751931,38.553115,2015,"3400","4","3","4","12",0,1,"A",,,,,,900,4,"D","C","A","WATT AV","FOLSOM BL",0,,"Y","2015-04-22",9260,"2015-04-01",625,"017084",,"1","9","0","2",,"2","101","-","N",,0,0,,,0,,,,"Y",2,"A","-",21453,"A","N","A","H","-","B","A","0","Y","A","01",0,0,1,0,0,0,0,0,0,"-","-","UNINCORPORATED","SACRAMENTO","CA",0,0
"6883450",-121.353873,38.563785,2015,"3400","4","3","4","12",0,3,"A",,,,,,2100,4,"D","C","A","FOLSOM BL","TIBER DR",0,,"Y","2015-04-24",9260,"2015-04-01",1805,"018705",,"2","9","0","2",,"2","101","-","N",,0,0,,,0,,,,"Y",2,"A","-",21453,"A","N","A","H","-","A","A","0","Y","A","01",0,0,3,0,0,0,0,0,0,"-","-","UNINCORPORATED","SACRAMENTO","CA",0,0
"6883447",-121.4786631,38.572625,2015,"3404","0","7","3","10",0,1,"A","Y",,,,,1200,4,"G","B","B","CAPITOL AV","22ND ST",0,,"Y","2015-04-21",3404,"2015-04-12",950,"8198","3","5","7","0","0",,"0","00B","-","N",,0,0,,,0,,,,"N",2,"A","-",21950,"A","F","A","H","-","A","D","0","Y","A","08",0,1,0,0,1,0,0,0,0,"-","-","SACRAMENTO","SACRAMENTO","CA",0,0
"6883444",-121.2453664,38.6643751,2015,"3400","4","3","4","03",0,2,"A",,,,,,1800,4,"C","C","A","MADISON AV","KENNETH AV",315,"W","N","2015-04-22",9260,"2015-04-01",1700,"015944",,"2","9","0","2",,"2","304","-","N",,0,0,,,0,,,,"N",5,"A","-",22350,,"N","A","H","-","A","A","0","Y","A","07",0,0,2,0,0,0,0,0,0,"-","-","UNINCORPORATED","SACRAMENTO","CA",-121.21457,38.63056
"6883442",-121.4569431,38.6440551,2015,"3404","0","5","3","00",0,1,"A",,,,,,2400,4,"D","C","A","JESSIE AV","NORWOOD AV",0,,"Y","2015-04-22",3404,"2015-04-03",2355,"0911","2","5","7","0","0",,"0","00A","-","N",,0,0,,,0,,,,"Y",2,"A","-",21453,,"N","A","H","-","D","A","0","Y","A","01",0,1,0,0,0,0,0,0,0,"-","-","SACRAMENTO","SACRAMENTO","CA",0,0
"6883440",-121.486951,38.5621052,2015,"3404","2","3","4","03",0,2,"A",,,,,,900,4,"C","C","A","RT 50","19TH ST",100,"W","N","2017-01-03",9252,"2015-04-01",810,"013823",,"1","7","0","1",,"2","150","-","Y","SAC",3,50,"-","L",1.63,"H","-","W","Y",2,"A","-",22350,,"N","A","H","-","A","D","1","Y","A","01",0,0,2,0,0,0,0,0,0,"-","-","SACRAMENTO","SACRAMENTO","CA",-121.54347,38.49347
"6883425",-121.3661453,38.3809776,2015,"3450","0","4","4","03",0,1,"A",,,,,,1800,4,"C","C","A","E STOCKTON BL","ELKMONT WY",15,"N","N","2015-04-22",340,"2015-04-02",1638,"10573","5504","5","5","0","0",,"0","005","-","N",,0,0,,,0,,,,"N",2,"A","-",22350,,"N","A","H","-","A","A","0","Y","A","01",0,0,1,0,0,0,0,0,0,"-","-","ELK GROVE","SACRAMENTO","CA",0,0
"6883421",-121.4018407,38.4089841,2015,"3450","0","5","4","03",0,1,"A",,,,,,1200,4,"C","C","A","ELK GROVE BL","BIG TIMBER DR",123,"W","N","2015-04-22",340,"2015-04-03",1143,"10058","4201","5","5","0","0",,"0","004","-","N",,0,0,,,0,,,,"N",2,"A","-",22350,,"N","A","H","-","A","D","0","Y","A","01",0,0,1,0,0,0,0,0,0,"-","-","ELK GROVE","SACRAMENTO","CA",0,0
"6883417",-121.4179831,38.4222934,2015,"3450","0","6","4","03",0,1,"A",,,,,,1800,4,"C","C","A","BRUCEVILLE RD","LAGUNA BL",445,"S","N","2015-04-22",340,"2015-04-04",1611,"10573","2304","5","5","0","0",,"0","002","-","N",,0,0,,,0,,,,"N",2,"A","-",22350,,"F","A","H","-","A","A","0","Y","A","01",0,0,1,0,0,0,0,0,0,"-","-","ELK GROVE","SACRAMENTO","CA",0,0
"6883416",-121.4797131,38.5602351,2015,"3404","3","5","3","01",0,1,"A",,,,,"Y",300,4,"E","I","A","RT 99","26TH ST",200,"E","N","2017-01-09",9252,"2015-04-03",145,"018782",,"3","7","0","1",,"2","192","-","Y","SAC",3,50,"-","L",2.195,"R","2","W","Y",1,"A","-",23152,"A","N","A","H","-","C","D","1","Y","A","01",0,1,0,0,0,0,0,0,0,"TO","-","SACRAMENTO","SACRAMENTO","CA",-121.47702,38.55981
"6883413",0,0,2015,"3450","0","2","4","09",0,1,"C",,,,,,900,4,"D","C","A","WHITELOCK PKWY","WOLF PACK LN",0,,"Y","2015-04-22",340,"2015-04-07",815,"10527","4206","5","5","0","0",,"0","004","-","N",,0,0,,,0,,,,"Y",2,"A","-",21802,"A","N","B","H","-","A","A","0","Y","A","07",0,0,1,0,0,0,0,0,0,"-","-","ELK GROVE","SACRAMENTO","CA",0,0
"6883412",-121.3859131,38.4049551,2015,"3450","3","5","3","03",0,2,"A",,,,,,1500,4,"H","A","A","RT 99","ELK GROVE BL",300,"S","N","2017-01-09",9252,"2015-04-03",1340,"017522",,"1","5","0","1",,"2","191","-","Y","SAC",3,99,"-","-",12.497,"R","2","N","Y",1,"A","-",22350,,"N","A","H","-","A","D","1","Y","A","01",0,1,1,0,0,0,0,0,0,"TO","-","ELK GROVE","SACRAMENTO","CA",-121.39231,38.41673
"6883400",-121.2254231,38.645745,2015,"3400","4","4","3","03",0,1,"A",,,"Y",,,1800,4,"D","C","A","HAZEL AV","VAN GOGH CIR",0,,"Y","2015-04-21",9260,"2015-04-02",1655,"015944",,"2","9","0","2",,"2","307","-","N",,0,0,,,0,,,,"Y",2,"A","-",22350,,"N","A","H","-","A","D","0","Y","C","02",0,1,0,0,0,0,0,0,1,"-","-","UNINCORPORATED","SACRAMENTO","CA",-121.22427,38.64469
"6883372",0,0,2015,"3400","4","2","4","03",0,4,"B",,,,,,1800,4,"A","C","A","GRANT LINE RD","RAYMER WY",1584,"N","N","2015-04-21",9260,"2015-04-07",1535,"017084",,"2","9","0","2",,"2","102","C","N",,0,0,,,0,,,,"Y",2,"A","-",22350,,"N","B","H","-","A","A","0","Y","A","01",0,0,4,0,0,0,0,0,0,"-","-","UNINCORPORATED","SACRAMENTO","CA",-121.11146,38.34512
"6883342",-121.5181336,38.5250538,2015,"3404","0","3","4","18",0,1,"A",,,,,,2400,4,"E","I","A","SEAMAS AV","LONSDALE DR",73,"W","N","2015-04-23",3404,"2015-04-08",2316,"0805","4","5","7","0","0",,"0","04C","-","N",,0,0,,,0,,,,"Y",1,"C","-",0,,"N","A","H","-","C","D","0","Y","-","-",0,0,1,0,0,0,0,0,0,"-","-","SACRAMENTO","SACRAMENTO","CA",0,0
"6883308",0,0,2015,"3450","0","3","4","09",0,2,"A",,,,,,1800,4,"D","C","A","LONGLEAF DR","LAGUNA SPRINGS DR",1800,"W","N","2015-04-22",340,"2015-04-01",1526,"10573","2402","5","5","0","0",,"0","002","-","N",,0,0,,,0,,,,"Y",2,"A","-",21804,,"N","A","H","-","A","A","0","Y","A","01",0,0,2,0,0,0,0,0,0,"-","-","ELK GROVE","SACRAMENTO","CA",0,0
"6883298",-121.4276101,38.5249708,2015,"3404","0","4","4","07",0,3,"A",,,,,,2400,4,"C","C","A","65TH ST EXPWY","FRUITRIDGE RD",60,"S","N","2015-04-23",3404,"2015-04-09",2132,"0280","6C","5","7","0","0",,"0",,"-","N",,0,0,,,0,,,,"Y",2,"A","-",21658,"A","N","A","H","-","C","A","0","Y","A","01",0,0,3,0,0,0,0,0,0,"-","-","SACRAMENTO","SACRAMENTO","CA",0,0
"6883294",-121.4428236,38.5254231,2015,"3404","0","4","3","00",0,1,"A",,"Y",,,,1800,4,"G","G","A","STOCKTON BL","FRUITRIDGE RD",147,"N","N","2015-04-23",3404,"2015-04-09",1535,"649",,"5","7","0","0",,"0",,"-","N",,0,0,,,0,,,,"N",3,"A","-",20001,"A","F","A","H","-","A","A","0","Y","A","01",0,1,0,0,0,0,1,0,0,"-","-","SACRAMENTO","SACRAMENTO","CA",0,0
"6883290",0,0,2015,"3404","0","4","4","17",0,1,"A",,"Y",,,,1500,4,"H","G","A","ALHAMBRA BL","GOVERNMENT ALLEY",0,,"Y","2015-04-23",3404,"2015-04-09",1441,"417",,"5","7","0","0",,"0",,"-","N",,0,0,,,0,,,,"N",2,"A","-",22517,,"N","A","H","-","A","D","0","Y","A","07",0,0,1,0,0,0,1,0,0,"-","-","SACRAMENTO","SACRAMENTO","CA",0,0
"6883286",-121.4939698,38.5348365,2015,"3404","0","4","3","05",0,1,"A",,"Y",,,,1500,4,"D","G","A","FREEPORT BL","SUTTERVILLE RD",127,"S","N","2015-04-23",3404,"2015-04-09",1240,"0600",,"5","7","0","0",,"0",,"-","N",,0,0,,,0,,,,"N",2,"A","-",21650,"1","N","A","H","-","A","D","0","Y","L","04",0,1,0,0,0,0,1,0,0,"-","-","SACRAMENTO","SACRAMENTO","CA",0,0
"6883282",-121.4727832,38.5290251,2015,"3404","0","4","4","12",0,1,"A",,,,,,900,4,"D","C","A","FRANKLIN BL","26TH AV",0,,"Y","2015-04-23",3404,"2015-04-09",747,"0600",,"5","7","0","0",,"0",,"-","N",,0,0,,,0,,,,"Y",2,"A","-",21453,"A","N","A","H","-","A","A","0","Y","A","01",0,0,1,0,0,0,0,0,0,"-","-","SACRAMENTO","SACRAMENTO","CA",0,0
"6882948",-121.4090738,38.5091051,2015,"3404","0","7","4","01",0,1,"A",,,,,"Y",2400,3,"E","I","A","POWER INN RD","ELDER CREEK RD",528,"S","N","2015-04-27",3404,"2015-03-01",2337,"0203",,"5","7","0","0",,"0","06C","-","N",,0,0,,,0,,,,"Y",1,"A","-",23152,"A","N","A","H","-","D","D","0","Y","A","01",0,0,1,0,0,0,0,0,0,"-","-","SACRAMENTO","SACRAMENTO","CA",0,0
"6882434",-121.4252831,38.568485,2015,"3404","0","5","3","01",0,1,"A",,,,,"Y",300,4,"A","I","A","H ST","J ST",0,,"Y","2015-04-24",3404,"2015-04-03",121,"529",,"5","7","0","0",,"0","06E","-","N",,0,0,,,0,,,,"Y",1,"A","-",23152,"A","N","A","H","-","C","D","0","Y","A","01",0,1,0,0,0,0,0,0,0,"-","-","SACRAMENTO","SACRAMENTO","CA",0,0
"6882430",-121.5313131,38.6173651,2015,"3404","0","4","4","01",0,3,"A",,,,,"Y",2100,4,"C","C","A","EL CAMINO AV","RT 80",70,"E","N","2016-12-19",3404,"2015-04-02",1915,"8112","2","5","7","0","0",,"0","00C","-","Y","SAC",3,80,"-","M",1.515,"R","4","E","Y",2,"A","-",23152,"A","N","A","H","-","A","A","0","Y","A","01",0,0,3,0,0,0,0,0,0,"-","NF","SACRAMENTO","SACRAMENTO","CA",0,0