"CASEID","POINT_X","POINT_Y","YEAR_","LOCATION","CHPTYPE","DAYWEEK","CRASHSEV","VIOLCAT","KILLED","INJURED","WEATHER1","PEDCOL","BICCOL","MCCOL","TRUCKCOL","ETOH","TIMECAT","MONTH_","CRASHTYP","INVOLVE","PED","PRIMARYRD","SECONDRD","DISTANCE","DIRECT","INTERSECT_","PROCDATE","JURIS","DATE_","TIME_","BADGE","JURIDIST","SHIFT","POP","SPECIAL","BEATTYPE","LAPDDIV","BEATCLAS","BEATNUMB","WEATHER2","STATEHW","CALTRANC","CALTRAND","STROUTE","ROUTESUF","POSTPRE","POSTMILE","LOCATYPE","RAMP","SIDEHW","TOWAWAY","PARTIES","PCF","VIOLCODE","VIOL","VIOLSUB","HITRUN","ROADSURF","RDCOND1","RDCOND2","LIGHTING","RIGHTWAY","CHPRDTYP","NOTPRIV","STFAULT","CHPFAULT","SEVINJ","OTHERINJ","COP","PEDKILL","PEDINJ","BICKILL","BICINJ","MCKILL","MCINJURE","RAMP1","RAMP2","CITY","COUNTY","STATE","X_CHP","Y_CHP"
"6867027",-121.4941574,38.5637699,2015,"3404","2","6","4","07",0,1,"A",,,,,,900,2,"E","I","A","RT 50","15TH ST",300,"W","N","2016-09-12",9252,"2015-02-28",850,"017325",,"1","7","0","1",,"2","150","-","Y","SAC",3,50,"-","L",1.3,"H","-","E","Y",2,"A","-",21658,"A","F","A","H","-","A","D","1","Y","D","22",0,0,1,0,0,0,0,0,0,"-","-","SACRAMENTO","SACRAMENTO","CA",-121.75197,38.75472
"6867026",-121.4010918,38.4366055,2015,"3450","3","3","4","03",0,2,"A",,,,,,1800,2,"C","C","A","RT 99","SHELDON RD",150,"N","N","2016-10-20",9252,"2015-02-25",1530,"015006",,"2","5","0","1",,"2","191","-","Y","SAC",3,99,"-","-",14.83,"H","-","N","Y",4,"A","-",22350,,"N","A","H","-","A","D","1","Y","D","22",0,0,2,0,0,0,0,0,0,"-","-","ELK GROVE","SACRAMENTO","CA",-121.4319,38.3415
"6867024",-121.4737864,38.5458545,2015,"3404","3","2","4","03",0,1,"A",,,,,,1500,3,"C","C","A","RT 99","5TH AV",350,"S","N","2016-09-28",9252,"2015-03-03",1240,"15006",,"1","7","0","1",,"2","192","-","Y","SAC",3,99,"-","-",23.62,"H","-","N","Y",3,"A","-",22350,,"N","A","H","-","A","D","1","Y","D","22",0,0,1,0,0,0,0,0,0,"-","-","SACRAMENTO","SACRAMENTO","CA",0,0
"6867022",-121.3891608,38.5578258,2015,"3404","2","3","4","03",0,1,"A",,,,,,1800,3,"C","C","A","RT 50","WATT AV",2640,"W","N","2016-09-12",9252,"2015-03-18",1735,"015718",,"2","7","0","1",,"2","151","-","Y","SAC",3,50,"-","R",4.84,"H","-","W","N",3,"A","-",22350,,"N","A","H","-","A","D","1","Y","A","08",0,0,1,0,0,0,0,0,0,"-","-","SACRAMENTO","SACRAMENTO","CA",0,0
"6867017",-121.4873431,38.5622051,2015,"3404","2","3","4","08",0,2,"B",,,,"Y",,1500,3,"D","C","A","RT 50","16TH ST",20,"E","N","2016-09-12",9252,"2015-03-11",1300,"17258",,"1","7","0","1",,"2","150","-","Y","SAC",3,50,"-","L",1.6,"R","1","W","Y",2,"A","-",22107,,"N","A","H","-","A","D","1","Y","G","27",0,0,2,0,0,0,0,0,0,"TO","-","SACRAMENTO","SACRAMENTO","CA",-121.78969,38.56335
"6867013",-121.5173275,38.5328433,2015,"3404","1","3","4","08",0,1,"B",,,,"Y",,900,3,"C","C","A","RT 5","RIVERSIDE BL",366,"S","N","2016-09-22",9252,"2015-03-11",635,"14288",,"1","7","0","1",,"2","107","C","Y","SAC",3,5,"-","-",19.88,"H","-","N","Y",3,"A","-",22107,,"N","B","H","-","D","D","1","Y","G","25",0,0,1,0,0,0,0,0,0,"-","-","SACRAMENTO","SACRAMENTO","CA",-121.51716,38.55227
"6867012",-121.7510839,38.0465356,2015,"3400","3","1","4","05",0,1,"A",,,,"Y",,900,3,"A","C","A","RT 160","3 MILE SLOUGH",15840,"S","N","2016-09-01",9252,"2015-03-09",615,"17325",,"1","9","0","1",,"1","161","-","Y","SAC",3,160,"-","L",3.98,"H","-","S","Y",2,"A","-",21460,"A","N","A","H","-","D","D","0","Y","D","22",0,0,1,0,0,0,0,0,0,"-","-","UNINCORPORATED","SACRAMENTO","CA",-121.51081,38.81058
"6867011",-121.4677888,38.5599282,2015,"3404","2","5","3","03",0,1,"A",,,,,,1500,3,"C","C","A","RT 50","ALHAMBRA BL",600,"E","N","2016-09-12",9252,"2015-03-13",1350,"014512",,"1","7","0","1",,"2","151","-","Y","SAC",3,50,"-","R",0.33,"H","-","W","Y",3,"A","-",22350,,"N","A","H","-","A","D","1","Y","A","01",0,1,0,0,0,0,0,0,0,"-","-","SACRAMENTO","SACRAMENTO","CA",0,0
"6867010",-121.5049331,38.6001951,2015,"3404","1","7","4","21",0,3,"A",,,,,,1500,3,"H","C","A","RT 5","RICHARDS BL",60,"N","N","2016-09-22",9252,"2015-03-15",1200,"017522",,"1","7","0","1",,"2","108","-","Y","SAC",3,5,"-","-",24.788,"R","1","S","N",2,"A","-",22106,,"N","A","H","-","A","D","1","Y","D","22",0,0,3,0,0,0,0,0,0,"TO","-","SACRAMENTO","SACRAMENTO","CA",0,0
"6867008",-121.4913138,38.4460353,2015,"3400","1","3","4","03",0,1,"A",,,,,,900,3,"C","C","A","RT 5","LAGUNA BL",6864,"N","N","2016-09-21",9252,"2015-03-18",825,"014453",,"1","9","0","1",,"2","106","-","Y","SAC",3,5,"-","-",13.34,"H","-","N","Y",2,"A","-",22350,,"N","A","H","-","A","D","1","Y","A","01",0,0,1,0,0,0,0,0,0,"-","-","UNINCORPORATED","SACRAMENTO","CA",0,0
"6867006",-121.4910609,38.562921,2015,"3404","2","2","4","07",0,1,"A",,,,,,1500,3,"B","C","A","RT 50","15TH ST",50,"E","N","2016-09-12",9252,"2015-03-17",1430,"14561",,"2","7","0","1",,"2","150","-","Y","SAC",3,50,"-","L",1.39,"H","-","E","Y",2,"A","-",21658,"A","N","A","H","-","A","D","1","Y","-",,0,0,1,0,0,0,0,0,0,"-","-","SACRAMENTO","SACRAMENTO","CA",-121.4924,38.563
"6867003",-121.4553491,38.5597897,2015,"3404","2","4","4","03",0,1,"A",,,,,,900,3,"C","C","A","RT 50","STOCKTON BL",1584,"E","N","2016-09-12",9252,"2015-03-19",820,"014288",,"1","7","0","1",,"2","151","-","Y","SAC",3,50,"-","R",0.89,"H","-","W","Y",4,"A","-",22350,,"N","A","H","-","A","D","1","Y","D","22",0,0,1,0,0,0,0,0,0,"-","-","SACRAMENTO","SACRAMENTO","CA",0,0
"6866999",-121.5119978,38.5534247,2015,"3404","1","4","4","03",0,1,"A",,,,,,900,2,"C","C","A","RT 5","SUTTERVILLE RD",5280,"N","N","2016-09-22",9252,"2015-02-26",830,"014288",,"1","7","0","1",,"2","107","-","Y","SAC",3,5,"-","-",21.53,"H","-","N","Y",3,"A","-",22350,,"N","A","H","-","A","D","1","Y","A","07",0,0,1,0,0,0,0,0,0,"-","-","SACRAMENTO","SACRAMENTO","CA",0,0
"6866996",-121.2119946,38.3136707,2015,"3404","5","1","4","08",0,1,"A",,,,,"Y",1800,3,"E","J","A","RT 104","ALTA MESA RD",4752,"E","N","2016-09-01",9252,"2015-03-02",1535,"014833",,"2","7","0","3",,"2","080","B","Y","SAC",3,104,"-","-",5.88,"H","-","E","Y",2,"A","-",22107,,"M","A","H","-","A","D","0","Y","-","99",0,0,1,0,0,0,0,0,0,"-","-","SACRAMENTO","SACRAMENTO","CA",0,0
"6866991",-121.473967,38.5433402,2015,"3404","3","1","4","03",0,1,"B",,,,,,1800,3,"C","C","A","RT 99","12TH AV",500,"N","N","2016-10-21",9252,"2015-03-02",1525,"018591",,"2","7","0","1",,"2","192","-","Y","SAC",3,99,"-","-",23.22,"H","-","S","Y",4,"A","-",22350,,"N","A","H","-","A","D","1","Y","D","22",0,0,1,0,0,0,0,0,0,"-","-","SACRAMENTO","SACRAMENTO","CA",-121.47409,38.54272
"6866988",-121.4171989,38.551853,2015,"3404","2","2","4","03",0,1,"A",,,,,,900,3,"C","C","A","RT 50","HORNET DR",1056,"W","N","2016-09-12",9252,"2015-03-03",840,"013823",,"1","7","0","1",,"2","151","-","Y","SAC",3,50,"-","R",3.27,"H","-","E","N",2,"A","-",22350,,"N","A","H","-","A","D","1","Y","A","01",0,0,1,0,0,0,0,0,0,"-","-","SACRAMENTO","SACRAMENTO","CA",-121.54348,38.49347
"6866983",-121.170473,38.3344151,2015,"3404","3","6","2","05",0,1,"A",,,,"Y",,1500,2,"A","C","A","RT 104","CLAY STATION RD",1000,"W","N","2016-09-01",9252,"2015-02-21",1405,"18155",,"2","7","0","1",,"1","104","-","Y","SAC",3,104,"-","-",8.55,"H","-","E","Y",2,"A","-",21460,"A","N","A","H","-","A","D","0","Y","A","01",1,0,0,0,0,0,0,0,0,"-","-","SACRAMENTO","SACRAMENTO","CA",-121.17577,38.33325
"6866980",-121.6764631,38.1551851,2015,"3400","3","1","4","12",0,2,"E",,,,"Y",,900,2,"D","C","A","RT 160","RT 12",0,,"Y","2016-09-01",9252,"2015-02-16",815,"17258",,"1","9","0","1",,"1","161","-","Y","SAC",3,12,"-","-",0.571,"I","5","E","Y",6,"A","-",21453,"A","N","A","H","-","-","A","0","Y","A","01",0,0,2,0,0,0,0,0,0,"-","-","UNINCORPORATED","SACRAMENTO","CA",-121.67644,38.15507
"6866979",-121.4681267,38.5707109,2015,"3400","3","3","4","00",0,1,"B",,,,,,1200,2,"B","C","A","RT 51","CAPITOL AV",200,"N","N","2016-09-06",9252,"2015-02-18",930,"014512",,"1","9","0","1",,"2","193","-","Y","SAC",3,51,"-","-",0.86,"H","-","N","Y",3,"A","-",21568,"A","N","A","H","-","A","D","1","Y","D","22",0,0,1,0,0,0,0,0,0,"-","-","UNINCORPORATED","SACRAMENTO","CA",-121.46834,38.57031
"6866978",-121.4740252,38.5463788,2015,"3400","3","6","4","03",0,1,"A",,,,,,1200,2,"C","C","A","RT 99","5TH AV",40,"S","N","2016-09-28",9252,"2015-02-21",1020,"018073",,"1","9","0","1",,"2","192","-","Y","SAC",3,99,"-","-",23.68,"H","-","S","Y",2,"A","-",22350,,"N","A","H","-","A","D","1","Y","D","22",0,0,1,0,0,0,0,0,0,"-","-","UNINCORPORATED","SACRAMENTO","CA",-121.47414,38.549
"6866974",-121.3832877,38.4006244,2015,"3450","3","4","4","08",0,2,"A",,,,,,1200,3,"E","I","A","RT 99","ELK GROVE BL",3168,"S","N","2016-09-06",9252,"2015-03-19",1145,"014512",,"1","5","0","1",,"2","191","-","Y","SAC",3,99,"-","-",12.16,"H","-","S","Y",1,"A","-",22107,,"N","A","H","-","A","D","1","Y","E","22",0,0,2,0,0,0,0,0,0,"-","-","ELK GROVE","SACRAMENTO","CA",-121.38333,38.40075
"6866962",-121.24224,38.4962132,2015,"3400","5","2","4","21",0,1,"B",,,,,,1200,2,"C","C","A","SUNRISE BL","FLORIN RD",150,"S","N","2015-04-14",9252,"2015-02-17",940,"013720",,"1","9","0","3",,"2","074","E","N",,0,0,,,0,,,,"N",3,"A","-",22106,,"N","A","H","-","A","D","0","Y","A","07",0,0,1,0,0,0,0,0,0,"-","-","UNINCORPORATED","SACRAMENTO","CA",-121.24423,38.49629
"6866652",-121.4051509,38.4817144,2015,"3400","4","3","4","03",0,1,"A",,,,,,1500,2,"C","C","A","GERBER RD","FERNRIDGE DR",35,"E","N","2015-04-20",9252,"2015-02-11",1445,"16747",,"2","9","0","2",,"2","073","-","N",,0,0,,,0,,,,"N",2,"A","-",22350,,"N","A","H","-","A","A","0","Y","J","48",0,0,1,0,0,0,0,0,0,"-","-","UNINCORPORATED","SACRAMENTO","CA",-121.40535,38.48172
"6866648",-121.3910772,38.4961261,2015,"3400","4","3","4","05",0,1,"A",,"Y",,,,1500,2,"D","G","A","FLORIN RD","FRENCH RD",150,"W","N","2015-04-14",9252,"2015-02-04",1450,"016747",,"2","9","0","2",,"2","073","-","N",,0,0,,,0,,,,"N",2,"A","-",21650,"1","N","A","H","-","A","D","0","Y","L","04",0,0,1,0,0,0,1,0,0,"-","-","UNINCORPORATED","SACRAMENTO","CA",-121.39142,38.49615
"6866144",-121.3902097,38.4235872,2015,"3450","0","4","4","22",0,1,"A",,,,,,1800,3,"C","C","A","BOND RD","E STOCKTON BL",10,"E","N","2015-04-14",340,"2015-03-19",1720,"10583","3403","5","5","0","0",,"0","003","-","N",,0,0,,,0,,,,"N",2,"B","-",0,,"M","A","H","-","A","D","0","Y","-","99",0,0,1,0,0,0,0,0,0,"-","-","ELK GROVE","SACRAMENTO","CA",0,0
"6865920",-121.4970893,38.5690379,2015,"3404","0","4","4","03",0,1,"A",,,,,,900,3,"C","C","A","T ST","11TH ST",74,"W","N","2015-04-09",3404,"2015-03-26",855,"0756","CENTR","5","7","0","0",,"0","03A","-","N",,0,0,,,0,,,,"Y",2,"A","-",22350,,"N","A","H","-","A","D","0","Y","A","01",0,0,1,0,0,0,0,0,0,"-","-","SACRAMENTO","SACRAMENTO","CA",0,0
"6865916",-121.4855231,38.5842751,2015,"3404","0","5","3","12",0,1,"A",,"Y",,,,1500,3,"D","G","A","E ST","14TH ST",0,,"Y","2015-04-09",3404,"2015-03-27",1224,"640","3A","5","7","0","0",,"0",,"-","N",,0,0,,,0,,,,"N",2,"A","-",22450,"A","N","A","H","-","A","A","0","Y","L","04",0,1,0,0,0,0,1,0,0,"-","-","SACRAMENTO","SACRAMENTO","CA",0,0
"6865912",-121.4970932,38.578815,2015,"3404","0","1","4","12",0,1,"A",,,,,,1500,3,"D","C","A","8TH ST","L ST",0,,"Y","2015-04-09",3404,"2015-03-30",1338,"0522","3","5","7","0","0",,"0","00M","-","N",,0,0,,,0,,,,"Y",2,"A","-",21453,"A","N","A","H","-","A","A","0","Y","A","01",0,0,1,0,0,0,0,0,0,"-","-","SACRAMENTO","SACRAMENTO","CA",0,0
"6865908",-121.4094132,38.5546817,2015,"3404","0","1","4","03",0,2,"A",,,,,,1800,3,"C","C","A","HOWE AV","RT 50",312,"N","N","2015-04-09",3404,"2015-03-30",1521,"8178","P6","5","7","0","0",,"0","06E","-","N",,0,0,,,0,,,,"Y",3,"A","-",22350,,"N","A","H","-","A","A","0","Y","A","08",0,0,2,0,0,0,0,0,0,"-","EO","SACRAMENTO","SACRAMENTO","CA",0,0
"6865904",-121.4760032,38.524867,2015,"3404","0","1","4","03",0,2,"A",,,,,,2100,3,"C","C","A","FRUITRIDGE RD","28TH ST",369,"E","N","2015-04-09",3404,"2015-03-30",2033,"913",,"5","7","0","0",,"0","04B","-","N",,0,0,,,0,,,,"Y",2,"A","-",22350,,"N","A","H","-","C","A","0","Y","A","07",0,0,2,0,0,0,0,0,0,"-","-","SACRAMENTO","SACRAMENTO","CA",0,0
"6865900",-121.5179895,38.5250315,2015,"3404","0","1","4","03",0,1,"A",,,,,,1500,3,"C","C","A","SEAMAS AV","LONSDALE DR",31,"W","N","2015-04-09",3404,"2015-03-30",1333,"0648",,"5","7","0","0",,"0",,"-","N",,0,0,,,0,,,,"N",2,"A","-",22350,,"N","A","H","-","A","A","0","Y","A","01",0,0,1,0,0,0,0,0,0,"-","-","SACRAMENTO","SACRAMENTO","CA",0,0
"6865888",-121.4766012,38.6296133,2015,"3404","0","1","4","03",0,1,"A",,,,,,1200,3,"C","C","A","SAN JUAN RD","NORTHGATE BL",291,"W","N","2015-04-09",3404,"2015-03-23",1011,"617",,"5","7","0","0",,"0","01C","-","N",,0,0,,,0,,,,"Y",2,"A","-",22350,,"N","A","H","-","A","D","0","Y","A","01",0,0,1,0,0,0,0,0,0,"-","-","SACRAMENTO","SACRAMENTO","CA",0,0
"6865840",0,0,2015,"3404","0","6","4","09",0,3,"A",,,,,,2100,3,"D","C","A","E COMMERCE WY","W ENTRANCE RD",0,,"Y","2015-04-09",3404,"2015-03-28",1811,"8129",,"5","7","0","0",,"0","01A","-","N",,0,0,,,0,,,,"Y",2,"A","-",21801,"A","N","A","H","-","A","D","0","Y","A","08",0,0,3,0,0,0,0,0,0,"-","-","SACRAMENTO","SACRAMENTO","CA",0,0
"6865836",-121.4339821,38.6385428,2015,"3404","0","7","4","08",0,1,"-",,,,,,1500,3,"-","-","A","HURON ST","HARRIS AV",72,"N","N","2015-04-10",3404,"2015-03-29",1403,"8129",,"5","7","0","0",,"0","02A","-","N",,0,0,,,0,,,,"Y",5,"A","-",22107,,"N","-","-","-","-","-","0","Y","A","01",0,0,1,0,0,0,0,0,0,"-","-","SACRAMENTO","SACRAMENTO","CA",0,0
"6865832",-121.491263,38.571105,2015,"3404","0","7","4","09",0,4,"A",,,,,,2100,3,"D","C","A","Q ST","14TH ST",0,,"Y","2015-04-09",3404,"2015-03-29",1823,"8129",,"5","7","0","0",,"0","03A","-","N",,0,0,,,0,,,,"Y",2,"A","-",21802,"A","N","A","H","-","A","A","0","Y","A","01",0,0,4,0,0,0,0,0,0,"-","-","SACRAMENTO","SACRAMENTO","CA",0,0
"6865828",-121.4182603,38.6310546,2015,"3404","0","5","2","09",0,1,"A",,,,,,1500,3,"D","C","A","DEL PASO BL","DAYTON ST",63,"S","N","2015-04-09",3404,"2015-03-27",1421,"0481","2","5","7","0","0",,"0","02B","-","N",,0,0,,,0,,,,"N",2,"A","-",21801,"A","N","A","H","-","A","D","0","Y","A","01",1,0,0,0,0,0,0,0,0,"-","-","SACRAMENTO","SACRAMENTO","CA",0,0
"6865820",0,0,2015,"3404","0","1","4","03",0,1,"A",,,,,,1800,3,"C","C","A","E COMMERCE WY","ELKHORN BL",15,"S","N","2015-04-09",3404,"2015-03-30",1652,"8129",,"5","7","0","0",,"0","01A","-","N",,0,0,,,0,,,,"N",2,"A","-",22350,,"N","A","H","-","A","A","0","Y","A","01",0,0,1,0,0,0,0,0,0,"-","-","SACRAMENTO","SACRAMENTO","CA",0,0
"6864706",-121.4920227,38.5626862,2015,"3404","0","1","4","08",0,1,"A",,,,"Y",,1200,3,"B","C","A","X ST","16TH ST",24,"W","N","2015-04-10",3404,"2015-03-30",1036,"0648",,"5","7","0","0",,"0",,"-","N",,0,0,,,0,,,,"N",2,"A","-",22100,"B","N","A","H","-","A","A","0","Y","G","25",0,0,1,0,0,0,0,0,0,"-","-","SACRAMENTO","SACRAMENTO","CA",0,0
"6864702",-121.5121431,38.4956251,2015,"3404","0","1","4","12",0,1,"A",,,,,,1200,3,"D","C","A","FLORIN RD","SOUTH LAND PARK DR",0,,"Y","2015-04-18",3404,"2015-03-30",914,"15-87486",,"5","7","0","0",,"0",,"-","N",,0,0,,,0,,,,"Y",2,"A","-",21453,"A","N","A","H","-","A","A","0","Y","A","08",0,0,1,0,0,0,0,0,0,"-","-","SACRAMENTO","SACRAMENTO","CA",0,0
"6864639",-121.4984178,38.5631855,2015,"3404","0","3","4","03",0,3,"A",,,,,,1500,3,"C","C","A","BROADWAY","RIVERSIDE BL",32,"E","N","2015-04-07",3404,"2015-03-25",1238,"0600",,"5","7","0","0",,"0",,"-","N",,0,0,,,0,,,,"N",2,"A","-",22350,,"N","A","H","-","A","A","0","Y","A","07",0,0,3,0,0,0,0,0,0,"-","-","SACRAMENTO","SACRAMENTO","CA",0,0
"6864635",0,0,2015,"3404","0","7","4","08",0,1,"A",,,,,,1500,3,"A","I","A","JESSIE AV","BURGESS DR",146,"E","N","2015-04-07",3404,"2015-03-22",1439,"0794",,"5","7","0","0",,"0",,"-","N",,0,0,,,0,,,,"Y",1,"A","-",22107,,"N","A","H","-","A","D","0","Y","A","01",0,0,1,0,0,0,0,0,0,"-","-","SACRAMENTO","SACRAMENTO","CA",0,0
"6864631",-121.4812827,38.5770787,2015,"3404","0","5","4","04",0,1,"A",,,"Y",,,2100,3,"C","C","A","J ST","19TH ST",15,"W","N","2015-04-07",3404,"2015-03-27",2016,"880","P3","5","7","0","0",,"0","03B","-","N",,0,0,,,0,,,,"N",2,"A","-",21703,,"F","A","H","-","C","A","0","Y","C","06",0,0,1,0,0,0,0,0,0,"-","-","SACRAMENTO","SACRAMENTO","CA",0,0
"6864627",-121.4464772,38.6221473,2015,"3404","0","4","3","03",0,1,"A",,,,,,2400,3,"E","I","A","ACACIA AV","RIO LINDA BL",84,"W","N","2015-04-07",3404,"2015-03-19",2110,"8112","2","5","7","0","0",,"0","00B","-","N",,0,0,,,0,,,,"Y",1,"A","-",22350,,"N","A","H","-","C","D","0","Y","A","01",0,1,0,0,0,0,0,0,0,"-","-","SACRAMENTO","SACRAMENTO","CA",0,0
"6864587",-121.4440156,38.647536,2015,"3404","0","5","4","03",0,2,"A",,,,,,1800,3,"C","C","A","BELL AV","MAY ST",272,"W","N","2015-04-07",3404,"2015-03-20",1709,"8112","2","5","7","0","0",,"0","00A","-","N",,0,0,,,0,,,,"Y",2,"A","-",22350,,"N","A","H","-","A","D","0","Y","A","01",0,0,2,0,0,0,0,0,0,"-","-","SACRAMENTO","SACRAMENTO","CA",0,0
"6864583",-121.4648947,38.5250089,2015,"3404","0","6","4","03",0,2,"A",,,,,,900,3,"C","C","A","FRUITRIDGE RD","MARTIN LUTHER KING JR BL",72,"W","N","2015-04-07",3404,"2015-03-21",832,"345","6A","5","7","0","0",,"0",,"-","N",,0,0,,,0,,,,"Y",2,"A","-",22350,,"N","A","H","-","A","A","0","Y","A","07",0,0,2,0,0,0,0,0,0,"-","-","SACRAMENTO","SACRAMENTO","CA",0,0
"6864579",-121.4739406,38.6112375,2015,"3404","0","4","4","03",0,3,"A",,,,,,2100,3,"C","C","A","WEST EL CAMINO AV","NORTHGATE BL",461,"E","N","2015-04-07",3404,"2015-03-26",1813,"8112","1","5","7","0","0",,"0","00C","-","N",,0,0,,,0,,,,"N",2,"A","-",22350,,"N","A","H","-","A","D","0","Y","A","01",0,0,3,0,0,0,0,0,0,"-","-","SACRAMENTO","SACRAMENTO","CA",0,0
"6864438",-121.2061086,38.6999332,2015,"3400","5","3","3","01",0,1,"A",,,,,"Y",600,3,"E","I","A","OAK AV","WALNUT AV",27,"E","N","2015-04-08",9260,"2015-03-18",345,"18691",,"3","9","0","3",,"2","003","-","N",,0,0,,,0,,,,"Y",1,"A","-",23152,"A","M","A","H","-","C","A","0","Y","D","22",0,1,0,0,0,0,0,0,0,"-","-","UNINCORPORATED","SACRAMENTO","CA",-121.12218,38.416
"6864430",-121.2719493,38.6407362,2015,"3400","4","5","4","03",0,1,"B",,,,,,1200,3,"C","C","A","SUNRISE BL","FAIR OAKS BL",224,"N","N","2015-04-20",9260,"2015-03-20",930,"012718",,"1","9","0","2",,"2","301","-","N",,0,0,,,0,,,,"Y",2,"A","-",22350,,"N","A","H","-","A","A","0","Y","A","01",0,0,1,0,0,0,0,0,0,"-","-","UNINCORPORATED","SACRAMENTO","CA",0,0
"6864414",0,0,2015,"3400","4","4","4","12",0,1,"A",,,,,,1500,3,"B","C","A","SUNRISE BL","BOSPHORUS DR",2,"S","N","2015-04-20",9260,"2015-03-19",1405,"013664",,"2","9","0","2",,"2","103","-","N",,0,0,,,0,,,,"Y",2,"A","-",21453,"A","N","A","H","-","A","A","0","Y","D","22",0,0,1,0,0,0,0,0,0,"-","-","UNINCORPORATED","SACRAMENTO","CA",0,0
"6864402",-121.2465483,38.5066506,2015,"3400","3","1","4","03",0,1,"A",,,,,,1800,3,"C","C","A","RT 16","SUNRISE BL",1056,"W","N","2016-09-07",9260,"2015-03-23",1710,"16352",,"2","9","0","1",,"2","116","-","Y","SAC",3,16,"-","T",11.27,"H","-","E","Y",3,"A","-",22350,,"N","A","H","-","A","D","0","Y","A","01",0,0,1,0,0,0,0,0,0,"-","-","UNINCORPORATED","SACRAMENTO","CA",-121.24379,38.50599
"6864303",-121.4014333,38.6026114,2015,"3400","4","2","2","01",0,1,"A",,,"Y",,"Y",2100,3,"F","A","A","FULTON AV","COTTAGE WY",300,"S","N","2015-04-07",9250,"2015-03-03",1845,"17818",,"2","9","0","2",,"1","043","-","N",,0,0,,,0,,,,"N",1,"A","-",23152,"A","N","A","H","-","C","D","0","Y","C","02",1,0,0,0,0,0,0,0,1,"-","-","UNINCORPORATED","SACRAMENTO","CA",0,0
"6864133",0,0,2015,"3496","0","1","4","09",0,2,"B",,,,,,1200,3,"D","C","A","AUBURN BL","WHYTE AV",142,"S","N","2015-04-08",3496,"2015-03-16",918,"145",,"5","5","0","0",,"0","001","-","N",,0,0,,,0,,,,"Y",2,"A","-",21804,"A","N","A","H","-","A","A","0","Y","A","07",0,0,2,0,0,0,0,0,0,"-","-","CITRUS HEIGHTS","SACRAMENTO","CA",0,0
"6864105",-121.4384349,38.4743151,2015,"3404","0","1","2","11",0,1,"A","Y",,,,,2100,3,"G","B","D","MACK RD","CENTER PKWY",410,"W","N","2015-04-08",3404,"2015-03-16",2059,"8204","5","5","7","0","0",,"0","00C","-","N",,0,0,,,0,,,,"Y",2,"A","-",21955,,"N","A","H","-","C","D","0","Y","N","60",1,0,0,0,1,0,0,0,0,"-","-","SACRAMENTO","SACRAMENTO","CA",0,0
"6864101",-121.395933,38.5251838,2015,"3404","0","3","3","01",0,3,"A",,,,,"Y",2400,3,"C","C","A","FRUITRIDGE RD","84TH ST",40,"W","N","2015-04-08",3404,"2015-03-25",2216,"0280",,"5","7","0","0",,"0","06C","-","N",,0,0,,,0,,,,"Y",3,"A","-",23153,"A","N","A","H","-","C","A","0","Y","A","01",0,1,2,0,0,0,0,0,0,"-","-","SACRAMENTO","SACRAMENTO","CA",0,0
"6864014",-121.1607821,38.6772675,2015,"3401","0","5","3","01",0,1,"A",,,,,"Y",300,3,"E","I","A","WALES DR","PRICE WY",171,"S","N","2015-04-07",3401,"2015-03-20",203,"227","CA034","5","5","0","0",,"0","002","-","N",,0,0,,,0,,,,"Y",1,"A","-",23152,"A","M","A","H","-","C","D","0","Y","A","01",0,1,0,0,0,0,0,0,0,"-","-","FOLSOM","SACRAMENTO","CA",0,0
"6863999",-121.5046831,38.6313651,2015,"3404","0","1","4","03",0,1,"A",,,,,,1200,3,"D","C","A","TRUXEL RD","RT 80",0,,"Y","2016-09-22",3404,"2015-03-16",950,"506","1","5","7","0","0",,"0","00B","-","Y","SAC",3,80,"-","M",3.444,"R","4","E","Y",2,"A","-",22350,,"N","A","H","-","A","A","0","Y","A","01",0,0,1,0,0,0,0,0,0,"-","-","SACRAMENTO","SACRAMENTO","CA",0,0
"6863995",-121.4199131,38.516095,2015,"3404","0","4","4","12",0,1,"A",,"Y",,,,900,3,"D","G","A","LEMON HILL AV","BELLEVIEW AV",0,,"Y","2015-04-07",3404,"2015-03-26",822,"0221",,"5","7","0","0",,"0",,"-","N",,0,0,,,0,,,,"N",2,"A","-",22450,,"N","A","H","-","A","D","0","Y","A","07",0,0,1,0,0,0,1,0,0,"-","-","SACRAMENTO","SACRAMENTO","CA",0,0
"6863991",-121.4772931,38.524855,2015,"3404","0","4","4","12",0,1,"A",,,,,,1200,3,"D","C","A","FRUIT RIDGE RD","28TH ST",0,,"Y","2015-04-07",3404,"2015-03-26",944,"222",,"5","7","0","0",,"0","04B","-","N",,0,0,,,0,,,,"Y",2,"A","-",21453,"A","N","A","H","-","A","A","0","Y","A","07",0,0,1,0,0,0,0,0,0,"-","-","SACRAMENTO","SACRAMENTO","CA",0,0