"CASEID","POINT_X","POINT_Y","YEAR_","LOCATION","CHPTYPE","DAYWEEK","CRASHSEV","VIOLCAT","KILLED","INJURED","WEATHER1","PEDCOL","BICCOL","MCCOL","TRUCKCOL","ETOH","TIMECAT","MONTH_","CRASHTYP","INVOLVE","PED","PRIMARYRD","SECONDRD","DISTANCE","DIRECT","INTERSECT_","PROCDATE","JURIS","DATE_","TIME_","BADGE","JURIDIST","SHIFT","POP","SPECIAL","BEATTYPE","LAPDDIV","BEATCLAS","BEATNUMB","WEATHER2","STATEHW","CALTRANC","CALTRAND","STROUTE","ROUTESUF","POSTPRE","POSTMILE","LOCATYPE","RAMP","SIDEHW","TOWAWAY","PARTIES","PCF","VIOLCODE","VIOL","VIOLSUB","HITRUN","ROADSURF","RDCOND1","RDCOND2","LIGHTING","RIGHTWAY","CHPRDTYP","NOTPRIV","STFAULT","CHPFAULT","SEVINJ","OTHERINJ","COP","PEDKILL","PEDINJ","BICKILL","BICINJ","MCKILL","MCINJURE","RAMP1","RAMP2","CITY","COUNTY","STATE","X_CHP","Y_CHP"
"6857139",-121.3408034,38.6791961,2015,"3400","1","4","4","21",0,1,"A",,,,,,900,2,"C","C","A","RT 80","ELKHORN BL",1500,"W","N","2016-09-07",9250,"2015-02-26",750,"017129",,"1","9","0","1",,"2","183","-","Y","SAC",3,80,"-","-",14.17,"H","-","W","N",2,"A","-",22106,,"N","A","H","-","A","D","1","Y","A","01",0,0,1,0,0,0,0,0,0,"-","-","UNINCORPORATED","SACRAMENTO","CA",0,0
"6857135",-121.352686,38.6683349,2015,"3400","1","6","4","08",0,1,"B",,,,,,300,2,"F","A","A","RT 80","MADISON AV",2640,"E","N","2016-09-07",9250,"2015-02-07",115,"018899",,"3","9","0","1",,"2","183","-","Y","SAC",3,80,"-","-",13.07,"H","-","W","Y",1,"A","-",22107,,"N","B","H","-","C","D","1","Y","A","01",0,0,1,0,0,0,0,0,0,"-","-","UNINCORPORATED","SACRAMENTO","CA",-121.35437,33.66688
"6857131",-121.3146541,38.702565,2015,"3400","1","4","4","03",0,1,"A",,,,,,900,2,"C","C","A","RT 80","ANTELOPE RD",2000,"W","N","2016-09-22",9250,"2015-02-26",743,"016624",,"1","9","0","1",,"2","184","-","Y","SAC",3,80,"-","-",16.31,"H","-","E","Y",2,"A","-",22350,,"N","A","H","-","A","D","1","Y","A","01",0,0,1,0,0,0,0,0,0,"-","-","UNINCORPORATED","SACRAMENTO","CA",0,0
"6857127",-121.436255,38.6024651,2015,"3404","3","1","3","03",0,2,"A",,,,,,1800,2,"C","C","A","RT 51","ARDEN WY",400,"S","N","2016-09-06",9250,"2015-02-16",1635,"013736",,"2","7","0","1",,"2","152","-","Y","SAC",3,51,"-","-",3.93,"H","-","S","Y",4,"A","-",22350,,"N","A","H","-","A","D","1","Y","A","07",0,1,1,0,0,0,0,0,0,"-","-","SACRAMENTO","SACRAMENTO","CA",0,0
"6857123",-121.4196394,38.6180882,2015,"3404","3","4","4","03",0,3,"B",,,,,,1800,2,"E","I","A","RT 51","MARCONI AV",650,"S","N","2016-09-06",9250,"2015-02-19",1510,"013736",,"2","7","0","1",,"2","151","-","Y","SAC",3,51,"-","-",5.349,"R","2","N","Y",1,"A","-",22350,,"N","A","H","-","A","D","1","Y","A","01",0,0,3,0,0,0,0,0,0,"-","-","SACRAMENTO","SACRAMENTO","CA",0,0
"6857121",-121.3831331,38.5740551,2015,"3400","4","4","4","09",0,1,"A",,,,,,1200,3,"D","C","A","FAIR OAKS BL","WATT AV",0,,"Y","2015-04-02",9250,"2015-03-05",1005,"014344",,"1","9","0","2",,"1","048","-","N",,0,0,,,0,,,,"Y",2,"A","-",21453,"C","N","A","H","-","A","A","0","Y","A","01",0,0,1,0,0,0,0,0,0,"-","-","UNINCORPORATED","SACRAMENTO","CA",0,0
"6857118",-121.4154232,38.5961352,2015,"3400","4","7","4","01",0,4,"A",,,,,"Y",2400,3,"C","C","A","HOWE AV","ARDEN WY",40,"S","N","2015-04-01",9250,"2015-03-08",2105,"018791",,"2","9","0","2",,"1","041","-","N",,0,0,,,0,,,,"Y",2,"A","-",23152,"A","N","A","H","-","C","A","0","Y","A","01",0,0,4,0,0,0,0,0,0,"-","-","UNINCORPORATED","SACRAMENTO","CA",0,0
"6857055",-121.4772231,38.575975,2015,"3404","0","5","4","09",0,1,"A",,,,,,1200,3,"D","C","A","J ST","22ND ST",0,,"Y","2015-04-02",3404,"2015-03-13",1121,"640",,"5","7","0","0",,"0","03B","-","N",,0,0,,,0,,,,"Y",2,"A","-",21802,"A","F","A","H","-","A","A","0","Y","A","07",0,0,1,0,0,0,0,0,0,"-","-","SACRAMENTO","SACRAMENTO","CA",0,0
"6857051",-121.4576231,38.554445,2015,"3404","0","2","4","09",0,1,"B",,,,,,1500,3,"A","E","A","STOCKTON BL","SHERMAN WY",0,,"Y","2015-04-02",3404,"2015-03-24",1311,"395",,"5","7","0","0",,"0","06B","-","N",,0,0,,,0,,,,"Y",2,"A","-",21801,"A","N","A","H","-","A","D","0","Y","A","01",0,0,1,0,0,0,0,0,0,"-","-","SACRAMENTO","SACRAMENTO","CA",0,0
"6857023",-121.3280327,38.637526,2015,"3400","4","2","4","10",0,1,"A","Y",,,,,1800,2,"G","B","F","MANZANITA AV","CYPRESS AV",506,"S","N","2015-04-21",9250,"2015-02-17",1530,"016225",,"2","9","0","2",,"1","023","-","N",,0,0,,,0,,,,"N",2,"A","-",21952,,"F","A","H","-","A","D","0","Y","D","22",0,0,1,0,1,0,0,0,0,"-","-","UNINCORPORATED","SACRAMENTO","CA",0,0
"6857019",-121.3619814,38.7010784,2015,"3400","5","3","3","01",0,1,"A",,,,,"Y",300,3,"C","E","A","BUTTERBALL WY","HOLWORTHY WY",350,"S","N","2015-04-16",9250,"2015-03-04",35,"017734",,"3","9","0","3",,"2","010","-","N",,0,0,,,0,,,,"Y",3,"A","-",23152,"A","M","A","H","-","C","D","0","Y","A","01",0,1,0,0,0,0,0,0,0,"-","-","UNINCORPORATED","SACRAMENTO","CA",0,0
"6856999",-121.4388186,38.6007284,2015,"3404","3","5","2","03",0,1,"A",,,"Y","Y",,1800,2,"F","A","A","RT 51","RT 160",273,"N","N","2016-09-06",9250,"2015-02-13",1525,"019090",,"2","7","0","1",,"2","152","-","Y","SAC",3,51,"-","-",3.74,"H","-","S","Y",2,"A","-",22350,,"N","A","H","-","A","D","1","Y","C","02",1,0,0,0,0,0,0,0,1,"-","-","SACRAMENTO","SACRAMENTO","CA",-121.4392,38.5999
"6856995",-121.4445205,38.594107,2015,"3404","3","7","3","03",0,2,"A",,,,"Y",,1200,2,"B","C","A","RT 51","EXPOSITION BL",850,"S","N","2016-09-06",9250,"2015-02-15",1017,"016624",,"1","7","0","1",,"2","151","-","Y","SAC",3,51,"-","-",3.15,"H","-","N","Y",5,"A","-",22350,,"N","A","H","-","A","D","1","Y","A","01",0,1,1,0,0,0,0,0,0,"-","-","SACRAMENTO","SACRAMENTO","CA",0,0
"6856984",-121.3584186,38.6498751,2015,"3400","4","4","4","03",0,1,"A",,,,,,900,2,"C","C","A","AUBURN BL","ALDONA LN",360,"N","N","2015-04-21",9250,"2015-02-12",800,"012470",,"1","9","0","2",,"1","021","-","N",,0,0,,,0,,,,"Y",3,"A","-",22350,,"N","A","H","-","A","D","0","Y","A","01",0,0,1,0,0,0,0,0,0,"-","-","UNINCORPORATED","SACRAMENTO","CA",0,0
"6856980",0,0,2015,"3400","5","6","3","10",0,1,"A","Y",,,,,1800,2,"G","B","B","GALBRATH DR","MCDERMOTT DR",4,"E","N","2015-04-21",9250,"2015-02-14",1535,"017317",,"2","9","0","3",,"2","010","-","N",,0,0,,,0,,,,"N",2,"A","-",21950,"A","N","A","H","-","A","A","0","Y","D","22",0,1,0,0,1,0,0,0,0,"-","-","UNINCORPORATED","SACRAMENTO","CA",0,0
"6856976",-121.4154664,38.5846235,2015,"3400","4","1","4","10",0,1,"A","Y",,,,,1500,3,"G","B","E","HOWE AV","ENTERPRISE DR",207,"N","N","2015-04-16",9250,"2015-03-02",1205,"012818",,"1","9","0","2",,"1","041","-","N",,0,0,,,0,,,,"N",2,"A","-",21952,,"N","A","H","-","A","D","0","Y","D","22",0,0,1,0,1,0,0,0,0,"-","-","UNINCORPORATED","SACRAMENTO","CA",0,0
"6856975",-121.3350131,38.6839551,2015,"3400","5","6","4","03",0,1,"A",,,,,,2100,2,"C","C","A","ELKHORN BL","RT 80",0,,"Y","2016-09-22",9250,"2015-02-14",1855,"019069",,"2","9","0","3",,"2","020","-","Y","SAC",3,80,"-","-",14.41,"R","4","E","Y",3,"A","-",22350,,"N","A","H","-","C","A","1","Y","A","01",0,0,1,0,0,0,0,0,0,"-","-","UNINCORPORATED","SACRAMENTO","CA",-121.33678,38.68298
"6856790",0,0,2015,"3450","0","4","4","08",0,1,"A","Y",,,,,900,3,"G","B","E","DI LUSSO DR","LAGUNA BL",145,"S","N","2015-03-28",340,"2015-03-19",813,"10068","2304","5","5","0","0",,"0","002","-","N",,0,0,,,0,,,,"N",2,"A","-",22107,,"F","A","H","-","A","D","0","Y","A","01",0,0,1,0,1,0,0,0,0,"-","-","ELK GROVE","SACRAMENTO","CA",0,0
"6856778",0,0,2015,"3404","0","4","4","09",0,1,"A",,,,,,900,3,"E","I","A","MEADOWVIEW RD","DETROIT BL",22,"E","N","2015-03-30",3404,"2015-03-19",847,"8161","5","5","7","0","0",,"0","00A","-","N",,0,0,,,0,,,,"N",2,"A","-",21453,"B","F","A","D","E","A","A","0","Y","A","01",0,0,1,0,0,0,0,0,0,"-","-","SACRAMENTO","SACRAMENTO","CA",0,0
"6856775",-121.4478575,38.5587981,2015,"3404","0","5","4","06",0,1,"A",,"Y",,,,1500,3,"B","G","A","48TH ST","Q ST",5,"N","N","2015-03-30",3404,"2015-03-20",1438,"0676","6","5","7","0","0",,"0","00D","-","N",,0,0,,,0,,,,"N",2,"A","-",21750,,"F","A","H","-","A","D","0","Y","A","01",0,0,1,0,0,0,1,0,0,"-","-","SACRAMENTO","SACRAMENTO","CA",0,0
"6856724",-121.4450531,38.613825,2015,"3404","0","7","2","12",0,1,"A",,"Y",,,,1500,3,"D","G","A","DEL PASO BL","LAMPASAS AV",0,,"Y","2015-03-30",3404,"2015-03-22",1236,"423",,"5","7","0","0",,"0",,"-","N",,0,0,,,0,,,,"N",2,"A","-",21453,"A","F","A","H","-","A","A","0","Y","L","04",1,0,0,0,0,0,1,0,0,"-","-","SACRAMENTO","SACRAMENTO","CA",0,0
"6856560",0,0,2015,"3450","0","4","4","12",0,1,"A",,,,,"Y",2100,3,"D","C","A","WHITELOCK PKWY","ATKINS DR",4,"E","N","2015-03-27",340,"2015-03-19",1858,"10573","4301","5","5","0","0",,"0","004","-","N",,0,0,,,0,,,,"Y",2,"A","-",21453,"A","F","A","H","-","A","A","0","Y","A","01",0,0,1,0,0,0,0,0,0,"-","-","ELK GROVE","SACRAMENTO","CA",0,0
"6856555",-121.4705531,38.537625,2015,"3404","0","4","4","09",0,1,"A",,,,,,900,3,"D","C","A","16TH AV","34TH ST",0,,"Y","2015-04-09",3404,"2015-03-19",830,"345","6A","5","7","0","0",,"0",,"-","N",,0,0,,,0,,,,"N",2,"A","-",21802,"A","N","A","H","-","A","A","0","Y","A","01",0,0,1,0,0,0,0,0,0,"-","-","SACRAMENTO","SACRAMENTO","CA",0,0
"6856551",-121.412243,38.510565,2015,"3404","0","6","3","12",0,3,"A",,,,,,1500,3,"B","C","A","ELDER CREEK RD","SUN RIVER DR",0,,"Y","2015-03-27",3404,"2015-03-21",1334,"842",,"5","7","0","0",,"0","06C","-","N",,0,0,,,0,,,,"Y",3,"A","-",21453,"A","N","A","H","-","A","A","0","Y","-",,0,1,2,0,0,0,0,0,0,"-","-","SACRAMENTO","SACRAMENTO","CA",0,0
"6856548",-121.2694639,38.6056438,2015,"3490","0","2","4","12",0,1,"A",,"Y",,,,2100,3,"D","G","A","FOLSOM BL","SUNRISE BL",14,"S","N","2015-03-27",3400,"2015-03-10",1830,"591","RC","5","5","0","0",,"0","005","-","N",,0,0,,,0,,,,"N",2,"A","-",21453,"A","N","A","H","-","B","A","0","Y","L","04",0,0,1,0,0,0,1,0,0,"-","-","RANCHO CORDOVA","SACRAMENTO","CA",0,0
"6856544",-121.4975126,38.5813564,2015,"3404","0","3","4","10",0,1,"A","Y",,,,,1500,3,"G","B","B","J ST","7TH ST",12,"W","N","2015-04-07",3404,"2015-03-18",1427,"553","3","5","7","0","0",,"0","00M","-","N",,0,0,,,0,,,,"N",2,"A","-",21950,"A","N","A","H","-","A","A","0","Y","A","01",0,0,1,0,1,0,0,0,0,"-","-","SACRAMENTO","SACRAMENTO","CA",0,0
"6856540",-121.4276544,38.5547426,2015,"3404","0","4","4","05",0,1,"A",,"Y",,,,1200,3,"D","G","A","65TH ST EXPWY","FOLSOM BL",111,"N","N","2015-04-07",3404,"2015-03-19",1025,"153",,"5","7","0","0",,"0",,"-","N",,0,0,,,0,,,,"N",2,"A","-",21650,"1","N","A","H","-","A","D","0","Y","L","04",0,0,1,0,0,0,1,0,0,"-","-","SACRAMENTO","SACRAMENTO","CA",0,0
"6856536",-121.4250672,38.5984817,2015,"3404","0","5","4","03",0,1,"A",,,"Y",,,1800,3,"F","A","A","ARDEN WY","CHALLENGE WY",25,"W","N","2015-03-27",3404,"2015-03-20",1710,"8112","2","5","7","0","0",,"0","00C","-","N",,0,0,,,0,,,,"N",1,"A","-",22350,,"N","A","H","-","A","A","0","Y","C","02",0,0,1,0,0,0,0,0,1,"-","-","SACRAMENTO","SACRAMENTO","CA",0,0
"6856532",-121.4935808,38.5729894,2015,"3404","0","6","3","01",0,1,"A",,,"Y",,"Y",300,3,"C","E","A","P ST","12TH ST",40,"E","N","2015-03-27",3404,"2015-03-21",138,"0765","3","5","7","0","0",,"0","00A","-","N",,0,0,,,0,,,,"Y",3,"A","-",23152,"A","N","A","H","-","C","A","0","Y","A","01",0,1,0,0,0,0,0,0,0,"-","-","SACRAMENTO","SACRAMENTO","CA",0,0
"6856524",-121.454383,38.6367778,2015,"3404","0","1","2","08",0,1,"A",,,,,"Y",1500,3,"C","C","A","GRAND AV","VERN ST",160,"E","N","2015-03-27",3404,"2015-03-16",1416,"0580",,"5","7","0","0",,"0",,"-","N",,0,0,,,0,,,,"Y",3,"A","-",22107,,"N","A","H","-","A","D","0","Y","A","01",1,0,0,0,0,0,0,0,0,"-","-","SACRAMENTO","SACRAMENTO","CA",0,0
"6856520",-121.4261552,38.5396446,2015,"3404","0","3","2","09",0,1,"A",,"Y",,,,900,3,"D","G","A","14TH AV","67TH ST",8,"E","N","2015-03-27",3404,"2015-03-18",822,"0902",,"5","7","0","0",,"0",,"-","N",,0,0,,,0,,,,"N",2,"A","-",21802,"A","N","A","H","-","A","A","0","Y","L","04",1,0,0,0,0,0,1,0,0,"-","-","SACRAMENTO","SACRAMENTO","CA",0,0
"6856496",-121.438193,38.5447551,2015,"3404","0","4","4","09",0,1,"A",,"Y",,,,900,3,"D","G","A","58TH ST","8TH AV",0,,"Y","2015-03-27",3404,"2015-03-19",800,"8161","6","5","7","0","0",,"0","00B","-","N",,0,0,,,0,,,,"N",3,"A","-",21802,"A","N","A","H","-","A","-","0","Y","A","01",0,0,1,0,0,0,1,0,0,"-","-","SACRAMENTO","SACRAMENTO","CA",0,0
"6856492",-121.4317631,38.628825,2015,"3404","0","6","4","12",0,4,"A",,,,,,2100,3,"B","C","A","MARYSVILLE BL","LOS ROBLES BL",0,,"Y","2015-03-27",3404,"2015-03-21",1920,"8129",,"5","7","0","0",,"0","02B","-","N",,0,0,,,0,,,,"Y",2,"A","-",21453,"A","N","A","H","-","B","A","0","Y","A","07",0,0,4,0,0,0,0,0,0,"-","-","SACRAMENTO","SACRAMENTO","CA",0,0
"6856468",-121.3103722,38.4222567,2015,"3450","0","6","4","00",0,1,"A",,,,,,300,2,"E","I","A","GRANT LINE RD","BOND RD",593,"S","N","2015-03-26",340,"2015-02-14",10,"10501","3702","5","5","0","0",,"0","003","-","N",,0,0,,,0,,,,"Y",1,"D","-",0,,"N","A","H","-","C","D","0","Y","-","-",0,0,1,0,0,0,0,0,0,"-","-","ELK GROVE","SACRAMENTO","CA",0,0
"6856455",0,0,2015,"3450","0","1","4","03",0,2,"A",,,,,,1800,2,"C","C","A","WHITELOCK PKWY","BLOSSOM RIDGE DR",130,"E","N","2015-03-27",340,"2015-02-23",1543,"10574","4302","5","5","0","0",,"0","004","G","N",,0,0,,,0,,,,"Y",2,"A","-",22350,,"N","A","H","-","A","D","0","Y","A","01",0,0,2,0,0,0,0,0,0,"-","-","ELK GROVE","SACRAMENTO","CA",0,0
"6856419",-121.4894432,38.571845,2015,"3404","0","7","4","12",0,1,"A",,,,,,2400,2,"D","C","A","15TH ST","P ST",0,,"Y","2015-04-07",3404,"2015-02-08",2203,"0300","3","5","7","0","0",,"0","03A","-","N",,0,0,,,0,,,,"Y",2,"A","-",21453,"A","N","A","H","-","C","A","0","Y","-","-",0,0,1,0,0,0,0,0,0,"-","-","SACRAMENTO","SACRAMENTO","CA",0,0
"6856397",-121.5124531,38.538545,2015,"3404","0","4","4","03",0,1,"A",,,,,,1800,3,"C","C","A","RIVERSIDE BL","VOLZ DR",0,,"Y","2015-04-09",3404,"2015-03-19",1746,"8105","4","5","7","0","0",,"0","00A","-","N",,0,0,,,0,,,,"Y",2,"A","-",22350,,"N","A","H","-","A","D","0","Y","D","22",0,0,1,0,0,0,0,0,0,"-","-","SACRAMENTO","SACRAMENTO","CA",0,0
"6856322",-121.4275131,38.5105351,2015,"3404","0","7","4","12",0,2,"A",,,,,"Y",900,3,"-","C","A","65TH ST EXPWY","ELDER CREEK RD",0,,"Y","2015-04-14",3404,"2015-03-22",814,"395",,"5","7","0","0",,"0","06C","-","N",,0,0,,,0,,,,"N",2,"A","-",21453,"A","F","A","H","-","A","A","0","Y","D","22",0,0,2,0,0,0,0,0,0,"-","-","SACRAMENTO","SACRAMENTO","CA",0,0
"6856138",-121.406393,38.421855,2015,"3450","0","7","4","09",0,3,"A",,,,,,900,3,"D","C","A","BIG HORN BL","LAGUNA BL",0,,"Y","2015-03-24",340,"2015-03-15",852,"10600","2401","5","5","0","0",,"0","002","-","N",,0,0,,,0,,,,"Y",2,"A","-",21453,"C","N","A","H","-","A","A","0","Y","A","01",0,0,3,0,0,0,0,0,0,"-","-","ELK GROVE","SACRAMENTO","CA",0,0
"6856134",-121.481423,38.420015,2015,"3450","0","2","4","09",0,1,"A",,,,,,2400,3,"D","C","A","HARBOUR POINT DR","BASTONA DR",0,,"Y","2015-03-24",340,"2015-03-17",2121,"10236","1203","5","5","0","0",,"0","001","-","N",,0,0,,,0,,,,"Y",2,"A","-",21800,"A","N","A","H","-","C","D","0","Y","A","01",0,0,1,0,0,0,0,0,0,"-","-","ELK GROVE","SACRAMENTO","CA",0,0
"6856132",-121.3756294,38.4089815,2015,"3450","0","3","4","03",0,1,"A",,,,,,1200,3,"C","C","A","ELK GROVE BL","WILLIAMSON DR",130,"E","N","2015-03-24",340,"2015-03-18",959,"10600","5105","5","5","0","0",,"0","005","-","N",,0,0,,,0,,,,"N",3,"A","-",22350,,"N","A","H","-","A","A","0","Y","A","08",0,0,1,0,0,0,0,0,0,"-","-","ELK GROVE","SACRAMENTO","CA",0,0
"6856128",0,0,2015,"3450","0","3","4","09",0,1,"C",,,,,,1200,3,"D","C","A","BRUCEVILLE RD","POPPY RIDGE RD QUAIL RUN LN",6,"W","N","2015-03-24",340,"2015-03-11",923,"10601","4302","5","5","0","0",,"0","004","-","N",,0,0,,,0,,,,"Y",2,"A","-",21802,"A","N","B","H","-","A","D","0","Y","A","07",0,0,1,0,0,0,0,0,0,"-","-","ELK GROVE","SACRAMENTO","CA",0,0
"6856104",0,0,2015,"3401","0","6","4","03",0,2,"A",,,,,,1800,3,"C","C","A","E BIDWELL","VIA FELICE",10,"S","N","2015-03-24",3401,"2015-03-14",1725,"232","CA034","5","5","0","0",,"0","004","-","N",,0,0,,,0,,,,"Y",4,"A","-",22350,,"N","A","H","-","A","A","0","Y","A","01",0,0,2,0,0,0,0,0,0,"-","-","FOLSOM","SACRAMENTO","CA",0,0
"6856100",0,0,2015,"3401","0","6","4","03",0,1,"E",,,,,,1800,3,"C","C","A","E BIDWELL ST","VIA FELICE DR",180,"S","N","2015-03-24",3401,"2015-03-14",1749,"191","CA034","5","5","0","0",,"0","004","-","N",,0,0,,,0,,,,"Y",3,"A","-",22350,,"N","A","H","-","A","D","0","Y","-",,0,0,1,0,0,0,0,0,0,"-","-","FOLSOM","SACRAMENTO","CA",0,0
"6856098",-121.137073,38.676835,2015,"3401","0","3","4","12",0,2,"B",,,,,,1500,3,"A","C","A","BLUE RAVINE RD","OAK AVENUE PKWY",0,,"Y","2015-03-24",3401,"2015-03-11",1330,"203","3401","5","5","0","0",,"0","003","-","N",,0,0,,,0,,,,"Y",2,"A","-",21453,"A","N","A","H","-","A","A","0","Y","A","01",0,0,2,0,0,0,0,0,0,"-","-","FOLSOM","SACRAMENTO","CA",0,0
"6856096",-121.1897429,38.6454733,2015,"3401","0","5","4","03",0,1,"A",,,,,,1200,3,"C","C","A","FOLSOM BL","NATOMA STATION DR",334,"S","N","2015-03-24",3401,"2015-03-13",1120,"222","CA034","5","5","0","0",,"0","004","-","N",,0,0,,,0,,,,"Y",4,"A","-",22350,,"N","A","H","-","A","A","0","Y","A","01",0,0,1,0,0,0,0,0,0,"-","-","FOLSOM","SACRAMENTO","CA",0,0
"6856094",-121.1213031,38.6428352,2015,"3401","0","5","4","03",0,1,"A",,,,,,2100,3,"E","I","A","E BIDWELL ST","RT 50",0,,"Y","2016-09-06",3401,"2015-03-06",2001,"231","CA034","5","5","0","0",,"0","004","-","Y","SAC",3,50,"-","-",21.21,"R","4","E","N",1,"A","-",22350,,"N","A","H","-","C","A","0","Y","A","01",0,0,1,0,0,0,0,0,0,"-","EF","FOLSOM","SACRAMENTO","CA",0,0
"6856092",0,0,2015,"3401","0","5","4","03",0,1,"A",,,,,,1800,3,"C","C","A","E BIDWELL","VIA FELICE",200,"N","N","2015-03-24",3401,"2015-03-13",1526,"232","3401","5","5","0","0",,"0","004","-","N",,0,0,,,0,,,,"Y",2,"A","-",22350,,"N","A","H","-","A","A","0","Y","A","01",0,0,1,0,0,0,0,0,0,"-","-","FOLSOM","SACRAMENTO","CA",0,0
"6856090",-121.1896931,38.6992151,2015,"3401","0","7","4","12",0,1,"A",,,,,,1500,3,"D","C","A","OAK AVENUE PKWY","AMERICAN RIVER CANYON DR",0,,"Y","2015-03-24",3401,"2015-03-15",1332,"173","CA034","5","5","0","0",,"0","001","-","N",,0,0,,,0,,,,"N",2,"A","-",21453,"A","N","A","H","-","A","A","0","Y","A","01",0,0,1,0,0,0,0,0,0,"-","-","FOLSOM","SACRAMENTO","CA",0,0
"6856066",-121.3859693,38.5581565,2015,"3404","0","2","4","03",0,2,"A",,,,,,1200,3,"C","C","A","WATT AV","RT 50",40,"S","N","2016-09-12",3404,"2015-03-17",927,"0902",,"5","7","0","0",,"0",,"-","Y","SAC",3,50,"-","R",5.05,"R","4","W","Y",4,"A","-",22350,,"N","A","H","-","A","D","0","Y","A","07",0,0,2,0,0,0,0,0,0,"-","EF","SACRAMENTO","SACRAMENTO","CA",0,0
"6856062",0,0,2015,"3404","0","4","4","03",0,2,"A",,,,,,900,3,"C","C","A","FRUITRIDGE RD","32ND AV",3,"S","N","2015-03-27",3404,"2015-03-19",822,"0600",,"5","7","0","0",,"0",,"-","N",,0,0,,,0,,,,"N",4,"A","-",22350,,"N","A","H","-","A","D","0","Y","A","01",0,0,2,0,0,0,0,0,0,"-","-","SACRAMENTO","SACRAMENTO","CA",0,0
"6856058",-121.4944831,38.6370851,2015,"3404","0","3","4","12",0,3,"B",,,,,,1800,3,"D","C","A","TRUXEL RD","RT 80",0,,"Y","2016-09-22",3404,"2015-03-11",1742,"639","SACRA","5","7","0","0",,"0","01A","-","Y","SAC",3,80,"-","M",3.891,"R","4","W","Y",3,"A","-",21453,"A","N","A","H","-","A","A","0","Y","D","22",0,0,3,0,0,0,0,0,0,"-","WF","SACRAMENTO","SACRAMENTO","CA",0,0
"6856050",-121.2997645,38.2547951,2015,"3402","0","3","4","03",0,1,"A",,,,,,900,1,"C","C","A","A ST","LINCOLN WAY",258,"E","N","2015-03-27",3402,"2015-01-14",725,"74","19","5","3","0","0",,"0","002","-","N",,0,0,,,0,,,,"Y",2,"A","-",22350,,"N","A","H","-","A","D","0","Y","A","01",0,0,1,0,0,0,0,0,0,"-","-","GALT","SACRAMENTO","CA",-121.29653,38.257
"6856030",-121.5022032,38.597205,2015,"3404","0","6","2","12",0,1,"A",,,,,,300,3,"D","C","A","RICHARDS BL","BERCUT DR",0,,"Y","2015-04-08",3404,"2015-03-21",227,"0851","3","5","7","0","0",,"0","03A","-","N",,0,0,,,0,,,,"Y",2,"A","-",21453,"A","N","A","H","-","C","A","0","Y","A","01",1,0,0,0,0,0,0,0,0,"-","-","SACRAMENTO","SACRAMENTO","CA",0,0
"6856026",0,0,2015,"3404","0","5","3","03",0,2,"A",,,,,,600,3,"A","I","A","TRUXEL RD","MAMMOTH WY",176,"N","N","2015-03-27",3404,"2015-03-20",449,"0911","1","5","7","0","0",,"0","00B","-","N",,0,0,,,0,,,,"Y",1,"A","-",22350,,"N","A","H","-","C","D","0","Y","A","07",0,2,0,0,0,0,0,0,0,"-","-","SACRAMENTO","SACRAMENTO","CA",0,0
"6856022",-121.4569632,38.6216997,2015,"3404","0","2","4","03",0,1,"A",,,,,,1800,3,"C","C","A","NORWOOD AV","LINDLEY DR",93,"S","N","2015-03-27",3404,"2015-03-17",1704,"8129",,"5","7","0","0",,"0","02B","-","N",,0,0,,,0,,,,"Y",4,"A","-",22350,,"F","A","H","-","A","A","0","Y","A","01",0,0,1,0,0,0,0,0,0,"-","-","SACRAMENTO","SACRAMENTO","CA",0,0
"6856018",-121.4381231,38.605185,2015,"3404","0","3","4","12",0,2,"A",,,,,,1800,3,"D","C","A","ARDEN WY","HARVARD ST",0,,"Y","2015-03-27",3404,"2015-03-11",1705,"573","2","5","7","0","0",,"0","00C","-","N",,0,0,,,0,,,,"Y",2,"A","-",21453,"A","N","A","H","-","A","A","0","Y","A","01",0,0,2,0,0,0,0,0,0,"-","-","SACRAMENTO","SACRAMENTO","CA",0,0
"6855442",-121.4569531,38.630155,2015,"3404","0","5","2","00",0,1,"A","Y",,,,,1800,3,"H","B","B","SILVER EAGLE RD","NORWOOD AV",0,,"Y","2015-04-03",3404,"2015-03-13",1730,"0554","2","5","7","0","0",,"0","00B","-","N",,0,0,,,0,,,,"N",2,"A","-",21950,,"F","A","H","-","A","A","0","Y","A","01",1,0,0,0,1,0,0,0,0,"-","-","SACRAMENTO","SACRAMENTO","CA",0,0
"6855441",-121.4863954,38.5898592,2015,"3404","0","6","4","08",0,1,"A",,,,,,1500,3,"E","I","A","NORTH 12TH ST","NORTH B ST",267,"S","N","2015-03-24",3404,"2015-03-14",1419,"8178","P3","5","7","0","0",,"0","03A","-","N",,0,0,,,0,,,,"Y",1,"A","-",22107,,"N","A","H","-","A","D","0","Y","A","01",0,0,1,0,0,0,0,0,0,"-","-","SACRAMENTO","SACRAMENTO","CA",0,0