"CASEID","POINT_X","POINT_Y","YEAR_","LOCATION","CHPTYPE","DAYWEEK","CRASHSEV","VIOLCAT","KILLED","INJURED","WEATHER1","PEDCOL","BICCOL","MCCOL","TRUCKCOL","ETOH","TIMECAT","MONTH_","CRASHTYP","INVOLVE","PED","PRIMARYRD","SECONDRD","DISTANCE","DIRECT","INTERSECT_","PROCDATE","JURIS","DATE_","TIME_","BADGE","JURIDIST","SHIFT","POP","SPECIAL","BEATTYPE","LAPDDIV","BEATCLAS","BEATNUMB","WEATHER2","STATEHW","CALTRANC","CALTRAND","STROUTE","ROUTESUF","POSTPRE","POSTMILE","LOCATYPE","RAMP","SIDEHW","TOWAWAY","PARTIES","PCF","VIOLCODE","VIOL","VIOLSUB","HITRUN","ROADSURF","RDCOND1","RDCOND2","LIGHTING","RIGHTWAY","CHPRDTYP","NOTPRIV","STFAULT","CHPFAULT","SEVINJ","OTHERINJ","COP","PEDKILL","PEDINJ","BICKILL","BICINJ","MCKILL","MCINJURE","RAMP1","RAMP2","CITY","COUNTY","STATE","X_CHP","Y_CHP"
"6826196",-121.4730531,38.5600251,2015,"3404","3","6","4","03",0,1,"C",,,,,,600,2,"E","I","A","RT 51","RT 50",20,"S","N","2016-09-06",9252,"2015-02-07",536,"18730",,"3","7","0","1",,"2","193","-","Y","SAC",3,51,"-","-",0.093,"R","2","S","Y",1,"A","-",22350,,"N","B","H","-","C","D","1","Y","A","01",0,0,1,0,0,0,0,0,0,"TO","-","SACRAMENTO","SACRAMENTO","CA",-121.47445,38.55813
"6826195",-121.1636533,38.672777,2015,"3401","0","2","4","03",0,1,"-",,,"Y",,,2100,2,"-","-","A","E BIDWELL ST","GLENN DR",25,"E","N","2015-03-12",3401,"2015-02-17",1837,"198","3401","5","5","0","0",,"0","002","-","N",,0,0,,,0,,,,"Y",2,"A","-",22350,,"N","-","-","-","-","-","0","Y","A","01",0,0,1,0,0,0,0,0,1,"-","-","FOLSOM","SACRAMENTO","CA",0,0
"6826194",-121.4655907,38.3224316,2015,"3400","1","6","4","07",0,1,"B",,,,,,1500,2,"D","C","A","RT 5","LAMBERT RD",500,"N","N","2016-09-22",9252,"2015-02-07",1240,"18591",,"1","9","0","1",,"2","105","-","Y","SAC",3,5,"-","-",4.78,"H","-","N","N",2,"A","-",21658,"A","N","A","H","-","A","D","1","Y","A","01",0,0,1,0,0,0,0,0,0,"-","-","UNINCORPORATED","SACRAMENTO","CA",-121.46631,38.32442
"6826192",-121.521031,38.526476,2015,"3404","1","5","4","03",0,1,"B",,,,,,2100,2,"D","C","A","RT 5","SEAMAS AV",100,"N","N","2016-09-22",9252,"2015-02-06",2045,"18787",,"2","7","0","1",,"2","107","C","Y","SAC",3,5,"-","-",19.35,"H","-","S","N",2,"A","-",22350,,"N","B","H","-","D","A","1","Y","A","01",0,0,1,0,0,0,0,0,0,"-","-","SACRAMENTO","SACRAMENTO","CA",-121.52136,38.52573
"6826191",-121.4356912,38.5013247,2015,"3400","4","2","4","08",0,2,"A",,,,,,2100,2,"D","C","A","SKY PKWY","65TH ST",400,"N","N","2015-03-11",9252,"2015-02-10",1920,"18423",,"2","9","0","2",,"1","072","-","N",,0,0,,,0,,,,"Y",2,"A","-",22102,,"N","A","H","-","C","D","0","Y","A","01",0,0,2,0,0,0,0,0,0,"-","-","UNINCORPORATED","SACRAMENTO","CA",-121.43575,38.50127
"6826188",-121.4101484,38.4563103,2015,"3404","3","7","3","03",0,1,"C",,,,,,1500,2,"E","I","A","RT 99","CALVINE",400,"S","N","2016-10-21",9252,"2015-02-08",1325,"18155",,"1","7","0","1",,"2","191","-","Y","SAC",3,99,"-","-",16.17,"H","-","N","Y",1,"A","-",22350,,"N","B","H","-","A","D","1","Y","A","07",0,1,0,0,0,0,0,0,0,"-","-","SACRAMENTO","SACRAMENTO","CA",-121.4075,38.45102
"6826184",-121.468315,38.5710528,2015,"3404","3","2","4","08",0,1,"A",,,,,,1800,2,"B","C","A","RT 51","CAPITOL AV",300,"N","N","2016-09-06",9252,"2015-02-17",1555,"17293",,"2","7","0","1",,"2","193","-","Y","SAC",3,51,"-","-",0.88,"H","-","S","Y",4,"A","-",22107,,"F","A","H","-","A","D","1","Y","-","99",0,0,1,0,0,0,0,0,0,"-","-","SACRAMENTO","SACRAMENTO","CA",-121.46891,38.57019
"6826182",-121.4934746,38.4561094,2015,"3404","1","7","4","03",0,1,"B",,,,,,900,2,"E","J","A","RT 5","STONECREST AV",4224,"S","N","2016-10-25",9252,"2015-02-08",850,"18658",,"1","7","0","1",,"2","106","C","Y","SAC",3,5,"-","-",14.09,"H","-","N","Y",1,"A","-",22350,,"N","B","H","-","A","A","1","Y","A","07",0,0,1,0,0,0,0,0,0,"-","-","SACRAMENTO","SACRAMENTO","CA",-121.49328,38.45563
"6826180",-121.4429225,38.4931018,2015,"3400","3","2","4","07",0,1,"A",,,,,,1500,2,"B","C","A","RT 99","FLORIN RD",1000,"S","N","2016-10-21",9252,"2015-02-17",1405,"17293",,"2","9","0","1",,"2","192","-","Y","SAC",3,99,"-","-",19.42,"H","-","S","N",3,"A","-",21658,"A","N","A","H","-","A","A","1","Y","A","01",0,0,1,0,0,0,0,0,0,"-","-","UNINCORPORATED","SACRAMENTO","CA",-121.43504,38.48552
"6826179",-121.3903675,38.4885613,2015,"3400","4","3","4","03",0,1,"A",,,,,,1800,2,"C","C","A","FRENCH RD","DANRIDGE DR",300,"S","N","2015-03-11",9252,"2015-02-11",1710,"17971",,"2","9","0","2",,"2","073","-","N",,0,0,,,0,,,,"Y",2,"A","-",22350,,"N","A","H","-","B","D","0","Y","A","07",0,0,1,0,0,0,0,0,0,"-","-","UNINCORPORATED","SACRAMENTO","CA",-121.39048,38.488
"6826178",-121.4825996,38.5606724,2015,"3404","3","5","4","03",0,1,"B",,,,,,1800,2,"E","I","A","RT 51","V ST",250,"S","N","2016-09-06",9252,"2015-02-06",1550,"17293",,"2","7","0","1",,"2","193","C","Y","SAC",3,50,"-","L",2.013,"R","2","E","Y",2,"A","-",22350,,"N","B","H","-","A","D","1","Y","A","01",0,0,1,0,0,0,0,0,0,"TO","-","SACRAMENTO","SACRAMENTO","CA",-121.47609,38.55981
"6826176",-121.4596089,38.5355605,2015,"3400","4","2","4","21",0,1,"A",,,,,,1800,2,"B","C","A","W NICHOLS AV","18TH AV",100,"S","N","2015-03-11",9252,"2015-02-03",1625,"017971",,"2","9","0","2",,"1","071","-","N",,0,0,,,0,,,,"N",2,"A","-",22106,,"N","A","H","-","A","D","0","Y","A","01",0,0,1,0,0,0,0,0,0,"-","-","UNINCORPORATED","SACRAMENTO","CA",-121.45964,38.53539
"6826174",-121.5143017,38.5602473,2015,"3404","1","5","4","07",0,1,"B",,,,,,1800,2,"B","C","A","RT 5","RT 50",2640,"S","N","2016-09-22",9252,"2015-02-06",1615,"18787",,"2","7","0","1",,"2","107","C","Y","SAC",3,5,"-","-",22.07,"H","-","N","Y",2,"A","-",21658,"A","N","B","H","-","A","A","1","Y","-","-",0,0,1,0,0,0,0,0,0,"-","-","SACRAMENTO","SACRAMENTO","CA",-121.5103,38.5499
"6826172",-121.4463328,38.496291,2015,"3400","3","3","4","03",0,1,"B",,,,,,1500,2,"C","C","A","RT 99","FLORIN RD",200,"N","N","2016-10-21",9252,"2015-02-11",1430,"15006",,"2","9","0","1",,"2","192","-","Y","SAC",3,99,"-","-",19.65,"H","-","S","N",2,"A","-",22350,,"N","A","H","-","A","D","1","Y","A","01",0,0,1,0,0,0,0,0,0,"-","-","UNINCORPORATED","SACRAMENTO","CA",0,0
"6826170",-121.4698341,38.3408711,2015,"3400","1","3","4","08",0,1,"B",,,,,,1800,2,"D","C","A","RT 5","LAMBERT RD",7392,"N","N","2016-09-22",9252,"2015-02-04",1614,"15534",,"2","9","0","1",,"2","105","-","Y","SAC",3,5,"-","-",6.1,"H","-","S","Y",2,"A","-",22107,,"N","A","H","-","A","D","1","Y","A","01",0,0,1,0,0,0,0,0,0,"-","-","UNINCORPORATED","SACRAMENTO","CA",-121.4741,38.36146
"6826168",-121.4226931,38.4743351,2015,"3400","3","4","4","21",0,1,"A",,,,,,1200,2,"C","C","A","RT 99","MACK RD",250,"N","N","2016-10-21",9252,"2015-02-12",900,"18119",,"1","9","0","1",,"2","192","-","Y","SAC",3,99,"-","-",17.71,"H","-","N","N",2,"A","-",22106,,"N","A","H","-","A","D","1","Y","A","01",0,0,1,0,0,0,0,0,0,"-","-","UNINCORPORATED","SACRAMENTO","CA",-121.4273,38.4784
"6826166",-121.4275031,38.4785951,2015,"3404","3","7","4","01",0,1,"A",,,,,"Y",600,2,"F","A","A","RT 99","MACK RD",589,"N","N","2016-10-21",9252,"2015-02-01",338,"18407",,"3","7","0","1",,"2","192","-","Y","SAC",3,99,"-","-",17.939,"R","2","S","Y",1,"A","-",23152,"A","N","A","H","-","C","D","1","Y","A","01",0,0,1,0,0,0,0,0,0,"TO","-","SACRAMENTO","SACRAMENTO","CA",-121.42469,38.47535
"6826164",-121.387975,38.4077069,2015,"3404","3","6","4","03",0,1,"B",,,,,,1500,2,"E","I","A","RT 99","ELK GROVE BL",400,"S","N","2016-10-20",9252,"2015-02-07",1445,"18155",,"2","7","0","1",,"2","191","-","Y","SAC",3,99,"-","-",12.68,"H","-","S","Y",1,"A","-",22350,,"N","B","H","-","A","D","1","Y","A","01",0,0,1,0,0,0,0,0,0,"-","-","SACRAMENTO","SACRAMENTO","CA",-121.38799,38.40782
"6826162",-121.4730831,38.5350251,2015,"3404","3","7","3","03",0,5,"A",,,,,,900,2,"C","C","A","RT 99","12TH AV",1990,"S","N","2016-10-21",9252,"2015-02-01",801,"18073",,"1","7","0","1",,"2","192","-","Y","SAC",3,99,"-","-",22.76,"H","-","S","Y",3,"A","-",22350,,"N","A","H","-","A","D","1","Y","A","01",0,3,2,0,0,0,0,0,0,"-","-","SACRAMENTO","SACRAMENTO","CA",-121.47331,38.53584
"6826007",-121.4733804,38.5587215,2015,"3404","3","4","4","03",0,1,"A",,,,,,900,2,"C","C","A","RT 99","RT 50",10,"N","N","2016-10-20",9252,"2015-02-12",840,"14561",,"1","7","0","1",,"2","191","-","Y","SAC",3,99,"-","R",24.35,"H","-","N","Y",3,"A","-",22350,,"M","A","H","-","A","D","1","Y","A","01",0,0,1,0,0,0,0,0,0,"-","-","SACRAMENTO","SACRAMENTO","CA",-121.4739,38.5582
"6825678",-121.326133,38.247375,2015,"3400","5","5","3","09",0,1,"A",,,"Y",,,1500,1,"D","C","A","NEW HOPE RD","SARGENT AV",0,,"Y","2015-03-09",9252,"2015-01-23",1310,"014453",,"1","9","0","3",,"2","080","-","N",,0,0,,,0,,,,"Y",2,"A","-",21802,"A","N","A","H","-","A","D","0","Y","A","07",0,1,0,0,0,0,0,0,1,"-","-","UNINCORPORATED","SACRAMENTO","CA",-121.3261,38.2473
"6825674",-121.4646264,38.5220916,2015,"3400","4","5","4","03",0,1,"A",,,,,,1800,1,"C","C","A","MARTIN LUTHER KING JR BL","35TH AV",250,"N","N","2015-03-09",9252,"2015-01-30",1530,"018424",,"2","9","0","2",,"1","071","-","N",,0,0,,,0,,,,"Y",3,"A","-",22350,,"N","A","H","-","A","D","0","Y","A","08",0,0,1,0,0,0,0,0,0,"-","-","UNINCORPORATED","SACRAMENTO","CA",-121.4671,38.52231
"6825670",-121.3720579,38.4689735,2015,"3400","4","5","4","05",0,1,"A",,"Y",,,,2100,1,"D","G","A","CARLISLE AV","ELK GROVE FLORIN RD",30,"W","N","2015-03-09",9252,"2015-01-23",1800,"018119",,"2","9","0","2",,"2","073","-","N",,0,0,,,0,,,,"N",2,"A","-",21650,"1","N","A","H","-","D","D","0","Y","L","04",0,0,1,0,0,0,1,0,0,"-","-","UNINCORPORATED","SACRAMENTO","CA",-121.3717,38.46953
"6825662",-121.1725031,38.673815,2015,"3401","0","2","4","00",0,1,"-",,"Y",,,,1800,1,"-","-","A","RILEY ST","BIDWELL ST",0,,"Y","2015-03-09",3401,"2015-01-06",1741,"129","CA034","5","5","0","0",,"0","002","-","N",,0,0,,,0,,,,"N",2,"D","-",0,,"N","-","-","-","-","-","0","Y","-","-",0,0,1,0,0,0,1,0,0,"-","-","FOLSOM","SACRAMENTO","CA",0,0
"6825658",-121.4039931,38.4928651,2015,"3400","4","5","4","00",0,1,"A","Y",,,,,1200,1,"G","B","E","VIVIAN CT","KARA DR",0,,"Y","2015-03-09",9252,"2015-01-23",1100,"017869",,"1","9","0","2",,"2","073","-","N",,0,0,,,0,,,,"N",2,"D","-",0,,"F","A","H","-","A","A","0","Y","-","-",0,0,1,0,1,0,0,0,0,"-","-","UNINCORPORATED","SACRAMENTO","CA",-121.404,38.493
"6825654",-121.4149412,38.4945055,2015,"3400","4","4","3","10",0,1,"A","Y",,,,,2100,1,"G","B","B","SAMANTHA WY","LAMER WY",12,"E","N","2015-03-09",9252,"2015-01-29",1850,"017971",,"2","9","0","2",,"2","073","-","N",,0,0,,,0,,,,"N",2,"A","-",21950,"A","N","A","H","-","C","D","0","Y","A","01",0,1,0,0,1,0,0,0,0,"-","-","UNINCORPORATED","SACRAMENTO","CA",-121.41483,38.49444
"6825650",-121.405153,38.452595,2015,"3400","4","3","3","01",0,4,"A",,,,,"Y",2400,1,"D","C","A","CAVINE RD","POWER INN RD",0,,"Y","2015-03-09",9252,"2015-01-14",2300,"018715",,"3","9","0","2",,"2","073","-","N",,0,0,,,0,,,,"Y",3,"A","-",23152,"A","N","A","H","-","C","A","0","Y","A","01",0,2,2,0,0,0,0,0,0,"-","-","UNINCORPORATED","SACRAMENTO","CA",-121.40529,38.45599
"6825646",-121.3721376,38.4958556,2015,"3400","5","5","4","08",0,1,"A",,,"Y",,,1500,1,"F","A","A","ELK GROVE FLORIN RD","FLORIN RD",120,"S","N","2015-03-09",9252,"2015-01-30",1435,"018424",,"2","9","0","3",,"2","074","-","N",,0,0,,,0,,,,"Y",1,"A","-",22107,,"N","A","H","-","A","D","0","Y","C","02",0,0,1,0,0,0,0,0,1,"-","-","UNINCORPORATED","SACRAMENTO","CA",-121.37206,38.4955
"6825642",-121.4214254,38.4796781,2015,"3400","4","3","4","09",0,1,"A",,,,,,1800,1,"D","C","A","STOCKTON BL","MASSIE CT",300,"N","N","2015-03-09",9252,"2015-01-21",1535,"016747",,"2","9","0","2",,"2","073","-","N",,0,0,,,0,,,,"N",2,"A","-",21804,"A","N","A","H","-","A","A","0","Y","A","01",0,0,1,0,0,0,0,0,0,"-","-","UNINCORPORATED","SACRAMENTO","CA",-121.41959,38.47597
"6825638",-121.3903675,38.4885613,2015,"3400","4","3","4","03",0,1,"A",,,,,,900,1,"C","C","A","FRENCH RD","DANRIDGE DR",300,"S","N","2015-03-09",9252,"2015-01-28",755,"014512",,"1","9","0","2",,"2","073","-","N",,0,0,,,0,,,,"N",2,"A","-",22350,,"N","A","H","-","A","D","0","Y","A","01",0,0,1,0,0,0,0,0,0,"-","-","UNINCORPORATED","SACRAMENTO","CA",-121.39034,38.48861
"6825618",-121.4615673,38.5250206,2015,"3400","4","2","4","00",0,1,"B","Y",,,,,2500,1,"G","B","E","MENDOCINO BL","FRUITRIDGE RD",13,"N","N","2015-03-09",9252,"2015-01-20",2500,"017099",,"4","9","0","2",,"1","071","-","N",,0,0,,,0,,,,"N",2,"D","-",0,,"F","A","H","-","B","D","0","Y","-","-",0,0,1,0,1,0,0,0,0,"-","-","UNINCORPORATED","SACRAMENTO","CA",-121.46138,38.52493
"6825614",-121.2357122,38.2918027,2015,"3400","5","6","3","08",0,1,"A",,,,,,1800,1,"E","I","A","IVIE RD","BORDEN RD",30,"S","N","2015-03-09",9252,"2015-01-31",1500,"018140",,"2","9","0","3",,"2","080","-","N",,0,0,,,0,,,,"N",1,"A","-",22107,,"N","A","H","-","A","D","0","Y","A","07",0,1,0,0,0,0,0,0,0,"-","-","UNINCORPORATED","SACRAMENTO","CA",-121.23566,38.29141
"6825610",-121.1627927,38.6700275,2015,"3401","0","4","4","08",0,1,"A",,,,,,1800,1,"D","C","A","RILEY ST","WALES DR",100,"W","N","2015-03-17",3401,"2015-01-29",1600,"180","CA034","5","5","0","0",,"0","002","-","N",,0,0,,,0,,,,"N",2,"A","-",22107,,"N","A","H","-","A","-","0","Y","A","01",0,0,1,0,0,0,0,0,0,"-","-","FOLSOM","SACRAMENTO","CA",0,0
"6824816",-121.2253931,38.6404922,2015,"3400","4","2","4","03",0,1,"A",,,,,,1800,2,"C","C","A","HAZEL AV","CURRAGH DOWNS DR",50,"N","N","2015-03-12",9260,"2015-02-24",1638,"13664",,"2","9","0","2",,"2","307","-","N",,0,0,,,0,,,,"N",3,"A","-",22350,,"N","A","H","-","A","D","0","Y","D","22",0,0,1,0,0,0,0,0,0,"-","-","UNINCORPORATED","SACRAMENTO","CA",0,0
"6824814",-121.2396831,38.6786075,2015,"3400","5","4","4","01",0,1,"A",,,,,"Y",1500,2,"C","C","A","ALMOND AV","GREENBACK LN",30,"N","N","2015-03-12",9260,"2015-02-19",1250,"15833",,"1","9","0","3",,"2","003","-","N",,0,0,,,0,,,,"Y",2,"A","-",23152,"A","N","A","H","-","A","A","0","Y","A","01",0,0,1,0,0,0,0,0,0,"-","-","UNINCORPORATED","SACRAMENTO","CA",0,0
"6824810",-121.3050631,38.5801351,2015,"3490","2","1","4","03",0,1,"A",,,,,,900,2,"C","C","A","RT 50","MATHER FIELD RD",528,,"N","2016-09-12",9260,"2015-02-23",845,"16352",,"1","5","0","1",,"2","501","-","Y","SAC",3,50,"-","R",9.629,"R","1","E","Y",2,"A","-",22350,,"N","A","H","-","A","A","1","Y","A","01",0,0,1,0,0,0,0,0,0,"-","-","RANCHO CORDOVA","SACRAMENTO","CA",-121.30589,38.57939
"6824808",-121.3053178,38.579986,2015,"3490","2","6","4","03",0,2,"A",,,,,,1800,2,"C","C","A","RT 50","MATHER FIELD RD",1056,,"N","2016-09-12",9260,"2015-02-14",1630,"16352",,"2","5","0","1",,"2","501","-","Y","SAC",3,50,"-","R",9.61,"H","-","E","Y",2,"A","-",22350,,"N","A","H","-","A","D","1","Y","D","22",0,0,2,0,0,0,0,0,0,"-","-","RANCHO CORDOVA","SACRAMENTO","CA",-121.30529,38.57978
"6824807",-121.3669007,38.5601459,2015,"3400","2","2","4","08",0,1,"E",,,,,,600,2,"D","C","A","RT 50","MANLOVE RD PED OC",1056,,"N","2016-09-12",9260,"2015-02-17",445,"17027",,"3","9","0","1",,"2","501","-","Y","SAC",3,50,"-","R",5.96,"H","-","W","N",2,"A","-",22107,,"N","A","H","-","C","D","1","Y","D","22",0,0,1,0,0,0,0,0,0,"-","-","UNINCORPORATED","SACRAMENTO","CA",0,0
"6824804",-121.2616569,38.6852902,2015,"3400","5","7","3","03",0,1,"A","Y",,,,,1200,2,"G","B","E","SKYVIEW DR","GOLDEN CREST WY",178,"N","N","2015-03-18",9260,"2015-02-22",1145,"18276",,"1","9","0","3",,"2","003","-","N",,0,0,,,0,,,,"N",2,"A","-",22350,,"N","A","H","-","A","D","0","Y","D","22",0,1,0,0,1,0,0,0,0,"-","-","UNINCORPORATED","SACRAMENTO","CA",0,0
"6824803",0,0,2015,"3400","5","3","4","03",0,1,"A",,,,,,1200,2,"C","C","A","WATT AV","MANLOVE RD",40,"N","N","2015-08-27",9260,"2015-02-25",1115,"13147",,"1","9","0","3",,"2","001","-","N",,0,0,,,0,,,,"Y",3,"A","-",22350,,"N","A","H","-","A","D","0","Y","D","22",0,0,1,0,0,0,0,0,0,"-","-","UNINCORPORATED","SACRAMENTO","CA",0,0
"6824556",-121.432173,38.6315041,2015,"3404","0","5","3","09",0,1,"A",,"Y",,,,1800,2,"A","G","A","NOGALES ST","MARYSVILLE BL",357,"W","N","2015-03-09",3404,"2015-02-20",1612,"4066","2","5","7","0","0",,"0","00B","-","N",,0,0,,,0,,,,"N",3,"A","-",21804,"A","N","A","H","-","A","D","0","Y","L","04",0,1,0,0,0,0,1,0,0,"-","-","SACRAMENTO","SACRAMENTO","CA",0,0
"6824555",-121.3823915,38.5632417,2015,"3404","0","5","3","03",0,1,"A",,,,,,1500,2,"-","-","A","WATT AV","LA RIVIERA DR",350,"S","N","2015-03-12",3404,"2015-02-20",1253,"0676","6","5","7","0","0",,"0","00E","-","N",,0,0,,,0,,,,"Y",1,"A","-",22350,,"N","A","H","-","A","-","0","Y","A","01",0,1,0,0,0,0,0,0,0,"-","-","SACRAMENTO","SACRAMENTO","CA",0,0
"6824554",-121.4091374,38.5258989,2015,"3404","0","6","4","03",0,1,"A",,,,,,2100,2,"C","C","A","POWER INN RD","FRUITRIDGE RD",300,"N","N","2015-03-09",3404,"2015-02-07",1823,"0342","P6","5","7","0","0",,"0","06C","-","N",,0,0,,,0,,,,"N",2,"A","-",22350,,"N","A","H","-","C","A","0","Y","A","01",0,0,1,0,0,0,0,0,0,"-","-","SACRAMENTO","SACRAMENTO","CA",0,0
"6824553",0,0,2015,"3404","0","5","4","03",0,1,"E",,,,,,600,2,"A","I","A","ETHAN WY","HURLEY WY",350,"S","N","2015-03-09",3404,"2015-02-20",502,"0225","6","5","7","0","0",,"0",,"-","N",,0,0,,,0,,,,"Y",1,"A","-",22350,,"F","A","H","-","C","A","0","Y","A","01",0,0,1,0,0,0,0,0,0,"-","-","SACRAMENTO","SACRAMENTO","CA",0,0
"6824552",-121.436928,38.5104951,2015,"3404","0","5","4","03",0,2,"A",,,,,,1800,2,"C","C","A","47TH AV","STOCKTON BL",302,"W","N","2015-03-09",3404,"2015-02-20",1503,"8179","6","5","7","0","0",,"0","00B","-","N",,0,0,,,0,,,,"N",2,"A","-",22350,,"N","A","H","-","A","D","0","Y","A","07",0,0,2,0,0,0,0,0,0,"-","-","SACRAMENTO","SACRAMENTO","CA",0,0
"6824551",-121.5098631,38.6097051,2015,"3404","0","5","4","01",0,1,"A",,,,,,2400,2,"C","C","A","GARDEN HWY","RT 5",234,"W","N","2016-09-21",3404,"2015-02-20",2355,"860","1C","5","7","0","0",,"0",,"-","Y","SAC",3,5,"-","-",25.526,"R","4","S","Y",2,"A","-",23152,"A","F","A","H","-","C","D","0","Y","A",,0,0,1,0,0,0,0,0,0,"-","SF","SACRAMENTO","SACRAMENTO","CA",0,0
"6824550",-121.4827377,38.4968227,2015,"3404","0","1","4","05",0,1,"A",,"Y",,,,2100,2,"D","G","A","24TH ST","FLORIN RD",356,"N","N","2015-03-09",3404,"2015-02-09",1812,"814",,"5","7","0","0",,"0","04B","-","N",,0,0,,,0,,,,"N",2,"A","-",21650,,"N","A","H","-","C","D","0","Y","L","04",0,0,1,0,0,0,1,0,0,"-","-","SACRAMENTO","SACRAMENTO","CA",0,0
"6824239",-121.4026825,38.4401362,2015,"3450","3","4","4","03",0,1,"E",,,,,,900,2,"C","C","A","RT 99","SHELDON RD",700,"N","N","2016-10-20",9252,"2015-02-19",800,"012342",,"1","5","0","1",,"2","191","-","Y","SAC",3,99,"-","-",14.99,"H","-","N","N",2,"A","-",22350,,"N","A","H","-","A","D","1","Y","A","01",0,0,1,0,0,0,0,0,0,"-","-","ELK GROVE","SACRAMENTO","CA",-121.40458,38.44461
"6824235",-121.5089692,38.5736844,2015,"3404","1","5","4","08",0,1,"A",,,,,,2100,2,"E","I","A","RT 5","RT 50",1000,"N","N","2016-09-22",9252,"2015-02-13",1905,"17142",,"2","7","0","1",,"2","108","-","Y","SAC",3,5,"-","-",22.76,"H","-","S","Y",1,"A","-",22107,,"N","A","H","-","C","D","1","Y","A","01",0,0,1,0,0,0,0,0,0,"-","-","SACRAMENTO","SACRAMENTO","CA",-121.43211,38.31211
"6824231",-121.3006014,38.2653413,2015,"3402","3","6","3","01",0,2,"A",,,,,"Y",600,2,"C","C","A","RT 99","AMADOR AV",128,"N","N","2016-09-06",9252,"2015-02-21",340,"018630",,"3","3","0","1",,"2","191","-","Y","SAC",3,99,"-","-",1.64,"H","-","S","Y",2,"A","-",23152,"A","N","A","H","-","C","D","1","Y","A","01",0,1,1,0,0,0,0,0,0,"-","-","GALT","SACRAMENTO","CA",-121.30032,38.26491
"6824227",-121.4737871,38.545885,2015,"3400","3","3","4","03",0,1,"B",,,,,,1200,2,"C","C","A","RT 99","5TH AV",200,"S","N","2016-09-28",9252,"2015-02-18",1040,"013720",,"1","9","0","1",,"2","192","-","Y","SAC",3,99,"-","-",23.63,"H","-","N","N",2,"A","-",22350,,"N","A","H","-","A","D","1","Y","A","01",0,0,1,0,0,0,0,0,0,"-","-","UNINCORPORATED","SACRAMENTO","CA",-121.4737,38.54029
"6824223",-121.4737871,38.545885,2015,"3404","3","6","4","03",0,1,"A",,,,,,1800,2,"C","C","A","RT 99","12TH AV",2640,"N","N","2016-10-21",9252,"2015-02-14",1545,"018787",,"2","7","0","1",,"2","192","-","Y","SAC",3,99,"-","-",23.63,"H","-","N","N",2,"A","-",22350,,"N","A","H","-","A","A","1","Y","A","01",0,0,1,0,0,0,0,0,0,"-","-","SACRAMENTO","SACRAMENTO","CA",-121.47383,38.54758
"6824219",-121.4598831,38.5105351,2015,"3400","3","6","4","03",0,1,"A",,,,,,2100,2,"C","C","A","RT 99","47TH AV",20,"N","N","2016-10-21",9252,"2015-02-14",1905,"018787",,"2","9","0","1",,"2","192","-","Y","SAC",3,99,"-","-",20.91,"R","1","N","N",2,"A","-",22350,,"N","A","H","-","D","A","1","Y","A","01",0,0,1,0,0,0,0,0,0,"TO","-","UNINCORPORATED","SACRAMENTO","CA",-121.45891,38.5106
"6824215",-121.4750034,38.3674989,2015,"3400","1","6","4","08",0,1,"A",,,,,,300,2,"F","A","A","RT 5","HOOD FRANKLIN RD",2640,"S","N","2016-09-22",9252,"2015-02-14",155,"018723",,"3","9","0","1",,"2","105","-","Y","SAC",3,5,"-","-",7.99,"H","-","N","Y",1,"A","-",22107,,"N","A","H","-","D","D","1","Y","A","01",0,0,1,0,0,0,0,0,0,"-","-","UNINCORPORATED","SACRAMENTO","CA",-121.4743,38.3645
"6824188",-121.4724916,38.560677,2015,"3404","3","5","4","03",0,1,"A",,,,,,1800,2,"C","C","A","RT 51","U ST",150,"S","N","2016-09-06",9252,"2015-02-13",1730,"017293",,"2","7","0","1",,"2","193","-","Y","SAC",3,51,"-","-",0.14,"H","-","N","Y",2,"A","-",22350,,"N","A","H","-","A","D","1","Y","A","07",0,0,1,0,0,0,0,0,0,"-","-","SACRAMENTO","SACRAMENTO","CA",-121.47251,38.56103
"6824184",-121.474005,38.5451688,2015,"3404","3","4","4","08",0,1,"A",,,,,,1200,2,"E","I","A","RT 99","12TH AV",1070,"N","N","2016-10-21",9252,"2015-02-12",1055,"014512",,"1","7","0","1",,"2","192","-","Y","SAC",3,99,"-","-",23.33,"H","-","S","Y",1,"A","-",22107,,"N","A","H","-","A","D","1","Y","M","47",0,0,1,0,0,0,0,0,0,"-","-","SACRAMENTO","SACRAMENTO","CA",-121.47418,38.54421