"CASEID","POINT_X","POINT_Y","YEAR_","LOCATION","CHPTYPE","DAYWEEK","CRASHSEV","VIOLCAT","KILLED","INJURED","WEATHER1","PEDCOL","BICCOL","MCCOL","TRUCKCOL","ETOH","TIMECAT","MONTH_","CRASHTYP","INVOLVE","PED","PRIMARYRD","SECONDRD","DISTANCE","DIRECT","INTERSECT_","PROCDATE","JURIS","DATE_","TIME_","BADGE","JURIDIST","SHIFT","POP","SPECIAL","BEATTYPE","LAPDDIV","BEATCLAS","BEATNUMB","WEATHER2","STATEHW","CALTRANC","CALTRAND","STROUTE","ROUTESUF","POSTPRE","POSTMILE","LOCATYPE","RAMP","SIDEHW","TOWAWAY","PARTIES","PCF","VIOLCODE","VIOL","VIOLSUB","HITRUN","ROADSURF","RDCOND1","RDCOND2","LIGHTING","RIGHTWAY","CHPRDTYP","NOTPRIV","STFAULT","CHPFAULT","SEVINJ","OTHERINJ","COP","PEDKILL","PEDINJ","BICKILL","BICINJ","MCKILL","MCINJURE","RAMP1","RAMP2","CITY","COUNTY","STATE","X_CHP","Y_CHP"
"6824180",-121.4752751,38.5588646,2015,"3404","2","1","3","03",0,1,"B",,,,,,900,2,"E","I","A","RT 51","RT 50",50,"N","N","2016-09-12",9252,"2015-02-09",750,"013823",,"1","7","0","1",,"2","150","-","Y","SAC",3,50,"-","L",2.345,"R","2","E","Y",1,"A","-",22350,,"N","B","H","-","A","-","1","Y","A","07",0,1,0,0,0,0,0,0,0,"TO","-","SACRAMENTO","SACRAMENTO","CA",-121.54347,38.49347
"6824176",-121.4326614,38.4837091,2015,"3404","3","7","3","01",0,1,"A",,,,,"Y",300,2,"E","I","A","RT 99","MACK RD",4488,"N","N","2016-10-21",9252,"2015-02-15",44,"018407",,"3","7","0","1",,"2","192","-","Y","SAC",3,99,"-","-",18.51,"H","-","N","Y",1,"A","-",23152,"A","N","A","H","-","C","D","1","Y","A","01",0,1,0,0,0,0,0,0,0,"-","-","SACRAMENTO","SACRAMENTO","CA",-121.4329,38.48401
"6824172",-121.4739245,38.5396747,2015,"3404","3","4","4","03",0,4,"A",,,,,,2100,2,"B","C","A","RT 99","12TH AV",400,"S","N","2016-10-21",9252,"2015-02-19",1855,"018787",,"2","7","0","1",,"2","192","-","Y","SAC",3,99,"-","-",23.05,"H","-","S","Y",4,"A","-",22350,,"N","A","H","-","D","A","1","Y","A","01",0,0,4,0,0,0,0,0,0,"-","-","SACRAMENTO","SACRAMENTO","CA",-121.4732,38.53527
"6824168",-121.4512418,38.5853521,2015,"3404","3","4","4","07",0,1,"A",,,,,,1800,2,"B","C","A","RT 51","ELVAS AV",200,"S","N","2016-09-06",9252,"2015-02-19",1640,"018787",,"2","7","0","1",,"2","193","-","Y","SAC",3,51,"-","-",2.39,"H","-","N","Y",3,"A","-",21658,"A","N","A","H","-","A","A","1","Y","A","01",0,0,1,0,0,0,0,0,0,"-","-","SACRAMENTO","SACRAMENTO","CA",-121.45396,38.58502
"6824149",-121.3971906,38.4278657,2015,"3450","3","4","4","03",0,1,"A",,,,,,1800,1,"C","C","A","RT 99","LAGUNA BL",1584,"N","N","2016-10-20",9252,"2015-01-15",1735,"015006",,"2","5","0","1",,"2","191","-","Y","SAC",3,99,"-","-",14.14,"H","-","N","Y",4,"A","-",22350,,"N","A","H","-","C","D","1","Y","A","08",0,0,1,0,0,0,0,0,0,"-","-","ELK GROVE","SACRAMENTO","CA",-121.5413,38.2315
"6824145",-121.5251131,38.2397551,2015,"3400","3","4","4","05",0,1,"B",,,,,,1800,1,"B","C","A","RT 160","WALNUT GROVE BR",3168,"S","N","2016-09-01",9252,"2015-01-15",1628,"015534",,"2","9","0","1",,"2","162","-","Y","SAC",3,160,"-","-",13.56,"H","-","S","Y",2,"A","-",21460,"A","N","A","H","-","A","D","0","Y","A","01",0,0,1,0,0,0,0,0,0,"-","-","UNINCORPORATED","SACRAMENTO","CA",-121.52317,38.24004
"6824141",-121.4736877,38.5386947,2015,"3404","3","5","4","03",0,2,"A",,,,,,2100,1,"C","C","A","RT 99","12TH AV",528,"S","N","2016-10-21",9252,"2015-01-16",1840,"015006",,"2","7","0","1",,"2","192","-","Y","SAC",3,99,"-","-",23.03,"H","-","N","Y",4,"A","-",22350,,"N","A","H","-","D","D","1","Y","A","01",0,0,2,0,0,0,0,0,0,"-","-","SACRAMENTO","SACRAMENTO","CA",-121.5718,38.3415
"6824137",-121.4034438,38.441831,2015,"3450","3","7","4","18",0,1,"A",,,,,,300,1,"E","I","A","RT 99","SHELDON RD",1320,"N","N","2016-10-20",9252,"2015-01-25",4,"018723",,"3","5","0","1",,"2","191","-","Y","SAC",3,99,"-","-",15.11,"H","-","N","Y",1,"C","-",0,,"N","A","H","-","D","D","1","Y","-","-",0,0,1,0,0,0,0,0,0,"-","-","ELK GROVE","SACRAMENTO","CA",-121.2424,38.266
"6824133",-121.4810331,38.5602651,2015,"3404","2","1","4","07",0,2,"A",,,,,,1800,1,"B","C","A","RT 50","RT 99",528,"W","N","2016-09-12",9252,"2015-01-26",1717,"018425",,"2","7","0","1",,"2","150","-","Y","SAC",3,50,"-","L",2.137,"R","2","E","N",2,"A","-",21658,"A","N","A","H","-","A","D","1","Y","A","01",0,0,2,0,0,0,0,0,0,"-","-","SACRAMENTO","SACRAMENTO","CA",-121.46827,38.56859
"6824129",-121.5054434,38.5801491,2015,"3404","1","6","3","08",0,6,"A",,,,,,1800,1,"E","I","A","RT 5","J ST",137,"N","N","2016-09-22",9252,"2015-01-10",1500,"018140",,"2","7","0","1",,"2","108","-","Y","SAC",3,5,"-","-",23.4,"H","-","S","Y",1,"A","-",22107,,"N","A","H","-","A","D","1","Y","A","07",0,3,3,0,0,0,0,0,0,"-","-","SACRAMENTO","SACRAMENTO","CA",0,0
"6824125",-121.4717361,38.5590852,2015,"3404","2","2","4","03",0,1,"B",,,,,,1500,1,"C","C","A","RT 50","RT 99",500,"E","N","2016-09-12",9252,"2015-01-20",1300,"017258",,"1","7","0","1",,"2","151","-","Y","SAC",3,50,"-","R",0.09,"H","-","W","Y",2,"A","-",22350,,"N","A","H","-","A","D","1","Y","A","01",0,0,1,0,0,0,0,0,0,"-","-","SACRAMENTO","SACRAMENTO","CA",-121.32427,38.4353
"6824121",-121.4552314,38.504944,2015,"3400","3","3","4","03",0,1,"E",,,,,,1200,1,"C","C","A","RT 99","47TH AV",1200,"S","N","2016-10-21",9252,"2015-01-21",917,"013732",,"1","9","0","1",,"2","192","-","Y","SAC",3,99,"-","-",20.43,"H","-","N","N",2,"A","-",22350,,"N","A","H","-","A","D","1","Y","A","07",0,0,1,0,0,0,0,0,0,"-","-","UNINCORPORATED","SACRAMENTO","CA",-121.45561,38.50521
"6824117",-121.3848931,38.5582651,2015,"3404","2","4","4","03",0,1,"A",,,,,,1800,1,"C","C","A","RT 50","WATT AV",500,"W","N","2016-09-12",9252,"2015-01-29",1710,"017293",,"2","7","0","1",,"2","151","-","Y","SAC",3,50,"-","R",5.25,"H","-","W","Y",3,"A","-",22350,,"N","A","H","-","A","D","1","Y","A","07",0,0,1,0,0,0,0,0,0,"-","-","SACRAMENTO","SACRAMENTO","CA",-121.38769,38.55788
"6824113",-121.473763,38.5450596,2015,"3404","3","6","4","08",0,6,"A",,,,,"Y",2100,1,"E","I","A","RT 99","7TH AV",300,"S","N","2016-10-20",9252,"2015-01-24",2030,"018435",,"2","7","0","1",,"2","192","-","Y","SAC",3,99,"-","-",23.36,"H","-","N","Y",4,"A","-",22107,,"N","A","H","-","C","D","1","Y","A","01",0,0,6,0,0,0,0,0,0,"-","-","SACRAMENTO","SACRAMENTO","CA",-121.47387,38.5491
"6824109",-121.4623126,38.5151961,2015,"3400","3","3","4","07",0,1,"B",,,,,,1200,1,"D","C","A","RT 99","41ST AV",30,"N","N","2016-10-21",9252,"2015-01-21",910,"014512",,"1","9","0","1",,"2","192","-","Y","SAC",3,99,"-","-",21.28,"H","-","N","Y",3,"A","-",21658,"A","F","A","H","-","A","D","1","Y","A","01",0,0,1,0,0,0,0,0,0,"-","-","UNINCORPORATED","SACRAMENTO","CA",0,0
"6824066",-121.4012606,38.5556763,2015,"3404","2","4","4","03",0,1,"B",,,,,,1800,2,"C","C","A","RT 50","HOWE AV",1320,"E","N","2016-09-12",9252,"2015-02-19",1555,"018159",,"2","7","0","1",,"2","151","-","Y","SAC",3,50,"-","R",4.03,"H","-","W","N",2,"A","-",22350,,"N","A","H","-","A","D","1","Y","A","08",0,0,1,0,0,0,0,0,0,"-","-","SACRAMENTO","SACRAMENTO","CA",-121.40226,38.55542
"6823989",-121.4740145,38.5456873,2015,"3404","3","2","4","03",0,1,"A",,,,,,1500,1,"C","C","A","RT 99","8TH AV",300,"N","N","2016-09-28",9252,"2015-01-20",1230,"14512",,"1","7","0","1",,"2","192","-","Y","SAC",3,99,"-","-",23.48,"H","-","S","N",3,"A","-",22350,,"N","A","H","-","A","D","1","Y","A","01",0,0,1,0,0,0,0,0,0,"-","-","SACRAMENTO","SACRAMENTO","CA",0,0
"6823981",-121.4457102,38.4959826,2015,"3400","3","3","4","03",0,2,"A",,,,,,900,1,"C","C","A","RT 99","FLORIN RD",20,"N","N","2016-10-21",9252,"2015-01-28",840,"13720",,"1","9","0","1",,"2","192","-","Y","SAC",3,99,"-","-",19.61,"H","-","N","Y",3,"A","-",22350,,"N","A","H","-","A","D","1","Y","D","22",0,0,2,0,0,0,0,0,0,"-","-","UNINCORPORATED","SACRAMENTO","CA",-121.41461,38.49649
"6823957",-121.3981519,38.4294859,2015,"3400","3","4","4","17",0,2,"A",,,,"Y",,1500,1,"F","A","A","RT 99","DUNISCH RD",130,"N","N","2016-10-20",9252,"2015-01-08",1225,"014699",,"1","9","0","1",,"2","190","-","Y","SAC",3,99,"-","-",14.19,"H","-","S","Y",3,"A","-",23114,,"F","A","H","-","A","D","1","Y","G","25",0,0,2,0,0,0,0,0,0,"-","-","UNINCORPORATED","SACRAMENTO","CA",-121.3973,38.4275
"6823938",-121.4984471,38.5649155,2015,"3404","2","3","3","01",0,1,"A",,,,,"Y",2400,2,"C","C","A","RT 50","15TH ST",500,"W","N","2016-09-12",9252,"2015-02-18",2204,"017132",,"3","7","0","1",,"2","150","-","Y","SAC",3,50,"-","L",1.13,"H","-","E","Y",2,"A","-",23152,"A","N","A","H","-","D","D","1","Y","A","07",0,1,0,0,0,0,0,0,0,"-","-","SACRAMENTO","SACRAMENTO","CA",-121.49507,38.56442
"6823930",-121.4723974,38.5341677,2015,"3404","3","2","3","03",0,2,"A",,,,,,1200,2,"C","C","A","RT 99","21ST AV",250,"N","N","2016-09-28",9252,"2015-02-10",940,"014512",,"1","7","0","1",,"2","192","-","Y","SAC",3,99,"-","-",22.65,"H","-","N","Y",2,"A","-",22350,,"N","A","H","-","A","D","1","Y","D","22",0,1,1,0,0,0,0,0,0,"-","-","SACRAMENTO","SACRAMENTO","CA",-121.47287,38.53491
"6823119",-121.4803444,38.4901181,2015,"3404","0","3","4","04",0,1,"A",,,,,,1500,2,"C","C","A","24TH ST","GARDENDALE RD",130,"S","N","2015-03-05",3404,"2015-02-18",1415,"8202","SACRA","5","7","0","0",,"0",,"-","N",,0,0,,,0,,,,"N",2,"A","-",21703,,"N","A","H","-","A","A","0","Y","A","01",0,0,1,0,0,0,0,0,0,"-","-","SACRAMENTO","SACRAMENTO","CA",0,0
"6823117",-121.4829661,38.5080709,2015,"3404","0","3","3","08",0,1,"A",,"Y",,,,900,2,"B","G","A","24TH ST","49TH AV",24,"N","N","2015-03-05",3404,"2015-02-18",744,"8187",,"5","7","0","0",,"0",,"E","N",,0,0,,,0,,,,"N",2,"A","-",22107,,"N","A","H","-","A","D","0","Y","A","08",0,1,0,0,0,0,1,0,0,"-","-","SACRAMENTO","SACRAMENTO","CA",0,0
"6823113",-121.4476431,38.467045,2015,"3404","0","3","4","12",0,1,"A",,,,,,2100,2,"A","C","A","FRANKLIN BL","VALLEY HI DR",0,,"Y","2015-03-05",3404,"2015-02-11",1959,"503","5B","5","7","0","0",,"0",,"-","N",,0,0,,,0,,,,"Y",2,"A","-",21453,"A","N","A","H","-","C","A","0","Y","A","01",0,0,1,0,0,0,0,0,0,"-","-","SACRAMENTO","SACRAMENTO","CA",0,0
"6823112",-121.4271631,38.4731223,2015,"3404","0","4","4","09",0,1,"A",,,,,,1800,2,"D","C","A","VALLEY HI DR","MACK RD",387,"S","N","2015-03-05",3404,"2015-02-05",1617,"8186","5","5","7","0","0",,"0","00C","-","N",,0,0,,,0,,,,"N",2,"A","-",21804,"A","N","A","H","-","A","D","0","Y","A","01",0,0,1,0,0,0,0,0,0,"-","-","SACRAMENTO","SACRAMENTO","CA",0,0
"6823108",-121.4090931,38.5216649,2015,"3404","0","1","4","03",0,1,"A",,,,,,1500,2,"C","C","A","POWER INN RD","35TH AV",11,"S","N","2015-03-05",3404,"2015-02-09",1258,"8186","6","5","7","0","0",,"0","00C","-","N",,0,0,,,0,,,,"N",2,"A","-",22350,,"N","A","H","-","A","D","0","Y","A","01",0,0,1,0,0,0,0,0,0,"-","-","SACRAMENTO","SACRAMENTO","CA",0,0
"6823078",-121.4526738,38.5447028,2015,"3404","0","2","4","03",0,1,"A",,,,,,1800,2,"-","C","A","STOCKTON BL","8TH AV",13,"S","N","2015-03-05",3404,"2015-02-10",1600,"0280",,"5","7","0","0",,"0","06B","-","N",,0,0,,,0,,,,"Y",3,"A","-",22350,,"N","A","H","-","A","D","0","Y","A","01",0,0,1,0,0,0,0,0,0,"-","-","SACRAMENTO","SACRAMENTO","CA",0,0
"6823070",0,0,2015,"3404","0","2","4","00",0,1,"A",,,,,,2400,2,"A","C","A","CALVINE RD","CALVINE RD 7164",21,"E","N","2015-03-05",3404,"2015-02-10",2200,"507","5C","5","7","0","0",,"0",,"-","N",,0,0,,,0,,,,"Y",2,"A","-",23103,"A","N","A","H","-","C","D","0","Y","A","01",0,0,1,0,0,0,0,0,0,"-","-","SACRAMENTO","SACRAMENTO","CA",0,0
"6823066",-121.4910929,38.5679372,2015,"3404","0","5","4","09",0,1,"A",,"Y",,,,1500,2,"D","G","A","15TH ST","T ST",189,"N","N","2015-03-05",3404,"2015-02-13",1245,"0756","CENTR","5","7","0","0",,"0","03A","-","N",,0,0,,,0,,,,"Y",4,"A","-",21804,"A","N","A","H","-","A","D","0","Y","L","04",0,0,1,0,0,0,0,0,0,"-","-","SACRAMENTO","SACRAMENTO","CA",0,0
"6823044",-121.4938334,38.5610363,2015,"3404","0","1","4","03",0,1,"A",,,,,,1500,2,"C","C","A","LAND PARK DR","BURNETT WY",48,"S","N","2015-03-05",3404,"2015-02-16",1258,"8187",,"5","7","0","0",,"0",,"-","N",,0,0,,,0,,,,"Y",2,"A","-",22350,,"N","A","H","-","A","D","0","Y","A","01",0,0,1,0,0,0,0,0,0,"-","-","SACRAMENTO","SACRAMENTO","CA",0,0
"6822171",-121.3208405,38.7073866,2015,"3496","0","3","4","03",0,1,"A",,,,,,2100,1,"C","C","A","ANTELOPE RD","SAYBROOK DR",35,"E","N","2015-02-27",3496,"2015-01-14",1900,"360",,"5","5","0","0",,"0","001","-","N",,0,0,,,0,,,,"N",2,"A","-",22350,,"N","A","H","-","C","A","0","Y","A","01",0,0,1,0,0,0,0,0,0,"-","-","CITRUS HEIGHTS","SACRAMENTO","CA",0,0
"6821919",-121.4188531,38.5105551,2015,"3404","0","7","3","01",0,1,"A",,,,,"Y",2400,2,"H","I","A","ELDER CREEK RD","COUGAR DR",0,"N","N","2015-08-25",3404,"2015-02-15",2300,"378","5","5","7","0","0",,"0","00B","-","N",,0,0,,,0,,,,"Y",2,"A","-",23152,"A","M","A","H","-","A","A","0","Y","A","01",0,1,0,0,0,0,0,0,0,"-","-","SACRAMENTO","SACRAMENTO","CA",0,0
"6821913",0,0,2015,"3401","0","7","4","03",0,1,"C",,,,,,1800,2,"B","C","A","GREENBACK LN","RILEY ST",150,"N","N","2015-08-28",3401,"2015-02-08",1628,"212","2","5","5","0","0",,"0","002","-","N",,0,0,,,0,,,,"N",2,"A","-",22350,,"N","B","G","-","A","D","0","Y","A","01",0,0,1,0,0,0,0,0,0,"-","-","FOLSOM","SACRAMENTO","CA",-121.17823,38.68486
"6821619",-121.2924272,38.6753997,2015,"3496","0","6","4","09",0,1,"A",,,,,,1200,2,"D","C","A","SAN JUAN AV","SPERRY DR",100,"N","N","2015-03-10",3496,"2015-02-14",1157,"145",,"5","5","0","0",,"0","003","-","N",,0,0,,,0,,,,"Y",2,"A","-",21804,"A","N","A","H","-","A","A","0","Y","A","01",0,0,1,0,0,0,0,0,0,"-","-","CITRUS HEIGHTS","SACRAMENTO","CA",0,0
"6821599",-121.478893,38.582575,2015,"3404","0","6","4","09",0,2,"A",,,,,,1800,2,"D","C","A","E ST","19TH ST",0,,"Y","2015-03-10",3404,"2015-02-14",1549,"8194","3","5","7","0","0",,"0","03B","-","N",,0,0,,,0,,,,"Y",2,"A","-",21802,"A","N","A","H","-","A","A","0","Y","A","01",0,0,2,0,0,0,0,0,0,"-","-","SACRAMENTO","SACRAMENTO","CA",0,0
"6821598",0,0,2015,"3404","0","2","4","03",0,2,"A",,,,,,900,2,"C","C","A","SUTTERVILLE RD","19TH ST",0,,"Y","2015-03-10",3404,"2015-02-17",855,"8187",,"5","7","0","0",,"0",,"-","N",,0,0,,,0,,,,"N",2,"A","-",22350,,"N","A","H","-","A","D","0","Y","A","01",0,0,2,0,0,0,0,0,0,"-","-","SACRAMENTO","SACRAMENTO","CA",0,0
"6821597",-121.4894631,38.548895,2015,"3404","0","7","4","03",0,3,"A",,,,,,2400,2,"A","C","A","FREEPORT BL","WELLER WY",0,,"Y","2015-03-10",3404,"2015-02-15",2110,"0827","4A","5","7","0","0",,"0",,"-","N",,0,0,,,0,,,,"Y",2,"A","-",22350,,"N","A","H","-","C","A","0","Y","A","01",0,0,3,0,0,0,0,0,0,"-","-","SACRAMENTO","SACRAMENTO","CA",0,0
"6821596",0,0,2015,"3404","0","2","4","11",0,1,"A","Y",,,,,1800,2,"G","B","B","FOLSOM BL","FLORIN PERKINS RD",0,,"Y","2015-03-12",3404,"2015-02-17",1710,"8201",,"5","7","0","0",,"0","06E","-","N",,0,0,,,0,,,,"N",2,"A","-",21456,"B","N","A","H","-","A","A","0","Y","N","60",0,0,1,0,1,0,0,0,0,"-","-","SACRAMENTO","SACRAMENTO","CA",0,0
"6821595",-121.466673,38.569455,2015,"3404","0","3","4","00",0,2,"A",,,,,,1800,2,"A","C","A","FOLSOM BL","ALHAMBRA BL",0,,"Y","2015-03-10",3404,"2015-02-18",1504,"0649",,"5","7","0","0",,"0","06D","-","N",,0,0,,,0,,,,"Y",2,"D","-",0,,"N","A","H","-","A","A","0","Y","-","-",0,0,2,0,0,0,0,0,0,"-","-","SACRAMENTO","SACRAMENTO","CA",0,0
"6821400",-121.2924732,38.6782902,2015,"3496","0","3","4","03",0,3,"A",,,,,,1500,2,"C","C","A","SAN JUAN AV","GREENBACK LN",20,"S","N","2015-03-09",3496,"2015-02-11",1359,"208","SACRA","5","5","0","0",,"0","003","-","N",,0,0,,,0,,,,"N",3,"A","-",22350,,"N","A","H","-","A","A","0","Y","A","01",0,0,3,0,0,0,0,0,0,"-","-","CITRUS HEIGHTS","SACRAMENTO","CA",0,0
"6821055",-121.290333,38.685535,2015,"3496","0","3","4","07",0,1,"A",,,,,,2100,2,"D","C","A","SYLVAN RD","WOODSIDE DR",0,,"Y","2015-03-17",3496,"2015-02-11",1924,"190",,"5","5","0","0",,"0","003","-","N",,0,0,,,0,,,,"N",2,"A","-",21658,"A","N","A","H","-","C","D","0","Y","A","01",0,0,1,0,0,0,0,0,0,"-","-","CITRUS HEIGHTS","SACRAMENTO","CA",0,0
"6821051",-121.302108,38.6916497,2015,"3496","0","3","4","03",0,1,"A",,,,,,1200,1,"B","C","A","WESTCHESTER WY","SAN TOMAS DR",30,"W","N","2015-02-27",3496,"2015-01-21",1050,"265",,"5","5","0","0",,"0","002","-","N",,0,0,,,0,,,,"N",2,"A","-",22350,,"N","A","H","-","A","D","0","Y","A","01",0,0,1,0,0,0,0,0,0,"-","-","CITRUS HEIGHTS","SACRAMENTO","CA",0,0
"6820389",-121.1967294,38.6780169,2015,"3401","0","2","4","03",0,1,"A",,,,,,1500,1,"C","C","A","GREENBACK RD","RIVER ROCK",140,"W","N","2015-08-15",3401,"2015-01-13",1425,"203","3401","5","5","0","0",,"0","001","-","N",,0,0,,,0,,,,"N",2,"A","-",22350,,"N","A","H","-","A","A","0","Y","A","01",0,0,1,0,0,0,0,0,0,"-","-","FOLSOM","SACRAMENTO","CA",0,0
"6819871",-121.1440757,38.658482,2015,"3401","0","6","4","04",0,2,"A",,,,,,1800,1,"C","C","A","RILEY ST","TINDAL WY",40,"W","N","2015-03-02",3401,"2015-01-24",1520,"222","4","5","5","0","0",,"0","004","-","N",,0,0,,,0,,,,"N",3,"A","-",21703,,"N","A","H","-","A","D","0","Y","A","01",0,0,2,0,0,0,0,0,0,"-","-","FOLSOM","SACRAMENTO","CA",-121.14381,38.6582
"6819870",-121.1818921,38.6547811,2015,"3401","0","5","4","21",0,1,"A",,,,,,900,1,"C","C","A","FOLSOM BL","BLUE RAVINE RD",84,"N","N","2015-03-02",3401,"2015-01-30",724,"206","3401","5","5","0","0",,"0","004","-","N",,0,0,,,0,,,,"N",2,"A","-",22106,,"N","A","H","-","A","A","0","Y","A","01",0,0,1,0,0,0,0,0,0,"-","-","FOLSOM","SACRAMENTO","CA",0,0
"6819669",-121.4103594,38.4652795,2015,"3400","4","3","4","01",0,1,"A",,,,,"Y",2100,1,"C","C","A","STEVENSON AV","POWER INN RD",460,"W","N","2015-03-12",9252,"2015-01-28",1825,"016747",,"2","9","0","2",,"2","073","-","N",,0,0,,,0,,,,"Y",2,"A","-",23152,"A","N","A","H","-","D","D","0","Y","D","22",0,0,1,0,0,0,0,0,0,"-","-","UNINCORPORATED","SACRAMENTO","CA",-121.41071,38.46526
"6819665",-121.4087608,38.4652129,2015,"3400","4","5","4","03",0,3,"A",,,,"Y",,2100,1,"C","C","A","POWER INN RD","STEVENSON AV",30,"S","N","2015-03-12",9252,"2015-01-23",1815,"018424",,"2","9","0","2",,"2","073","-","N",,0,0,,,0,,,,"Y",3,"A","-",22350,,"N","A","H","-","C","D","0","Y","F","55",0,0,3,0,0,0,0,0,0,"-","-","UNINCORPORATED","SACRAMENTO","CA",-121.40867,38.46526
"6819661",-121.4456312,38.5054631,2015,"3400","4","4","4","08",0,1,"A",,,,,,900,1,"B","E","A","51ST ST","51ST AV",150,"S","N","2015-03-12",9252,"2015-01-29",735,"018233",,"1","9","0","2",,"1","072","-","N",,0,0,,,0,,,,"Y",2,"A","-",22107,,"N","A","H","-","A","D","0","Y","A","07",0,0,1,0,0,0,0,0,0,"-","-","UNINCORPORATED","SACRAMENTO","CA",-121.44558,38.50517
"6819645",-121.4291199,38.4887651,2015,"3400","4","3","3","06",0,1,"A",,,,,,900,1,"B","C","A","ORANGE AV","CITRUS AV",540,"W","N","2015-03-12",9252,"2015-01-28",755,"014699",,"1","9","0","2",,"2","073","-","N",,0,0,,,0,,,,"N",2,"A","-",21750,,"N","A","H","-","A","D","0","Y","D","22",0,1,0,0,0,0,0,0,0,"-","-","UNINCORPORATED","SACRAMENTO","CA",-121.4291,38.4887
"6819641",-121.3349418,38.5136113,2015,"3400","5","2","4","03",0,1,"B",,,,,,1500,2,"D","C","A","BRADSHAW RD","ELDER CREEK RD",1000,"N","N","2015-03-16",9252,"2015-02-10",1440,"17258",,"2","9","0","3",,"2","074","-","N",,0,0,,,0,,,,"N",2,"A","-",22350,,"N","A","H","-","A","D","0","Y","D","22",0,0,1,0,0,0,0,0,0,"-","-","UNINCORPORATED","SACRAMENTO","CA",-121.3347,38.52838
"6819638",-121.3927034,38.4179563,2015,"3450","3","3","4","03",0,1,"A",,,,,,1800,2,"C","C","A","RT 99","ELK GROVE BL",3696,"N","N","2016-10-20",9252,"2015-02-18",1545,"15006",,"2","5","0","1",,"2","191","-","Y","SAC",3,99,"-","-",13.46,"H","-","N","Y",2,"A","-",22350,,"N","A","H","-","A","D","1","Y","D","22",0,0,1,0,0,0,0,0,0,"-","-","ELK GROVE","SACRAMENTO","CA",0,0
"6819637",-121.3349331,38.5079651,2015,"3400","5","2","4","08",0,1,"A",,,,"Y",,1200,2,"E","I","A","BRADSHAW RD","ELDER CREEK RD",1056,"S","N","2015-03-16",9252,"2015-02-03",1030,"013720",,"1","9","0","3",,"2","074","-","N",,0,0,,,0,,,,"Y",1,"A","-",22107,,"N","A","H","-","A","D","0","Y","F","27",0,0,1,0,0,0,0,0,0,"-","-","UNINCORPORATED","SACRAMENTO","CA",-121.33509,38.50777
"6819629",-121.3965945,38.4960775,2015,"3400","4","5","2","01",0,1,"A",,,,,"Y",1800,2,"E","I","A","FLORIN RD","MCCOMBER ST",195,"W","N","2015-03-16",9252,"2015-02-13",1720,"18787",,"2","9","0","2",,"2","073","-","N",,0,0,,,0,,,,"Y",2,"A","-",23152,"A","N","A","H","-","A","A","0","Y","D","22",1,0,0,0,0,0,0,0,0,"-","-","UNINCORPORATED","SACRAMENTO","CA",-121.3968,38.49608
"6819622",-121.4865584,38.5620052,2015,"3404","2","2","4","03",0,2,"A",,,,,,900,2,"C","C","A","RT 50","16TH ST",250,"E","N","2016-09-12",9252,"2015-02-10",730,"013823",,"1","7","0","1",,"2","150","-","Y","SAC",3,50,"-","L",1.66,"H","-","W","N",3,"A","-",22350,,"N","A","H","-","A","D","1","Y","D","22",0,0,2,0,0,0,0,0,0,"-","-","SACRAMENTO","SACRAMENTO","CA",-121.54347,38.49347
"6819610",-121.2724809,38.4571069,2015,"3400","5","3","4","03",0,2,"E",,,,,,900,1,"C","C","A","GRANT LINE RD","CALVINE RD",2112,"N","N","2015-03-12",9252,"2015-01-28",650,"14561",,"1","9","0","3",,"2","080","-","N",,0,0,,,0,,,,"Y",3,"A","-",22350,,"N","A","H","-","B","D","0","Y","A","01",0,0,2,0,0,0,0,0,0,"-","-","UNINCORPORATED","SACRAMENTO","CA",-121.2718,38.4578
"6819606",-121.4348921,38.4924724,2015,"3400","4","6","3","01",0,1,"A",,,,"Y","Y",600,1,"D","E","A","66TH AV","FLORIN MALL DR",180,"W","N","2015-03-17",9252,"2015-01-31",415,"018716",,"3","9","0","2",,"2","073","-","N",,0,0,,,0,,,,"Y",2,"A","-",23152,"A","N","A","H","-","C","D","0","Y","A","08",0,1,0,0,0,0,0,0,0,"-","-","UNINCORPORATED","SACRAMENTO","CA",-121.4354,38.49452
"6819602",-121.3718831,38.4816551,2015,"3400","4","6","4","12",0,1,"E",,,,,,900,1,"D","C","A","ELK GROVE FLORIN RD","GERBER RD",0,,"Y","2015-03-12",9252,"2015-01-24",600,"018575",,"1","9","0","2",,"2","073","-","N",,0,0,,,0,,,,"Y",2,"A","-",21453,"A","N","A","H","-","C","A","0","Y","A","01",0,0,1,0,0,0,0,0,0,"-","-","UNINCORPORATED","SACRAMENTO","CA",-121.2218,38.2853