"CASEID","POINT_X","POINT_Y","YEAR_","LOCATION","CHPTYPE","DAYWEEK","CRASHSEV","VIOLCAT","KILLED","INJURED","WEATHER1","PEDCOL","BICCOL","MCCOL","TRUCKCOL","ETOH","TIMECAT","MONTH_","CRASHTYP","INVOLVE","PED","PRIMARYRD","SECONDRD","DISTANCE","DIRECT","INTERSECT_","PROCDATE","JURIS","DATE_","TIME_","BADGE","JURIDIST","SHIFT","POP","SPECIAL","BEATTYPE","LAPDDIV","BEATCLAS","BEATNUMB","WEATHER2","STATEHW","CALTRANC","CALTRAND","STROUTE","ROUTESUF","POSTPRE","POSTMILE","LOCATYPE","RAMP","SIDEHW","TOWAWAY","PARTIES","PCF","VIOLCODE","VIOL","VIOLSUB","HITRUN","ROADSURF","RDCOND1","RDCOND2","LIGHTING","RIGHTWAY","CHPRDTYP","NOTPRIV","STFAULT","CHPFAULT","SEVINJ","OTHERINJ","COP","PEDKILL","PEDINJ","BICKILL","BICINJ","MCKILL","MCINJURE","RAMP1","RAMP2","CITY","COUNTY","STATE","X_CHP","Y_CHP"
"6819599",-121.4256331,38.488775,2015,"3400","4","1","4","12",0,1,"A",,,,,,1500,2,"D","C","A","STOCKTON BL","ORANGE AV",0,,"Y","2015-03-13",9252,"2015-02-16",1250,"18575",,"1","9","0","2",,"2","073","-","N",,0,0,,,0,,,,"N",2,"A","-",21453,"A","F","A","H","-","A","A","0","Y","D","22",0,0,1,0,0,0,0,0,0,"-","-","UNINCORPORATED","SACRAMENTO","CA",-121.2533,38.2919
"6819596",-121.1336201,38.6776378,2015,"3401","0","7","4","01",0,1,"A",,,,,"Y",300,2,"E","I","A","BLUE RAVINE RD","BIG VALLEY RD",420,"S","N","2015-08-21",3401,"2015-02-22",227,"231","34010","5","5","0","0",,"0","003","-","N",,0,0,,,0,,,,"Y",1,"A","-",23152,"A","N","A","H","-","C","D","0","Y","-","-",0,0,1,0,0,0,0,0,0,"-","-","FOLSOM","SACRAMENTO","CA",0,0
"6819592",-121.1234459,38.6908895,2015,"3401","0","2","4","21",0,2,"A",,,,,,1800,2,"C","-","A","E NATOMA ST","GREEN VALLEY RD",20,"W","N","2015-03-13",3401,"2015-02-10",1555,"222","CA034","5","5","0","0",,"0","003","-","N",,0,0,,,0,,,,"N",2,"A","-",22106,,"N","A","H","-","A","A","0","Y","D","22",0,0,2,0,0,0,0,0,0,"-","-","FOLSOM","SACRAMENTO","CA",0,0
"6819588",0,0,2015,"3401","0","3","4","08",0,1,"A",,,,,,1500,2,"B","-","A","IRON POINT RD","WILLARD DR",300,"E","N","2015-03-13",3401,"2015-02-11",1355,"222","3401","5","5","0","0",,"0","004","-","N",,0,0,,,0,,,,"N",2,"A","-",22107,,"N","A","H","-","A","A","0","Y","A","01",0,0,1,0,0,0,0,0,0,"-","-","FOLSOM","SACRAMENTO","CA",0,0
"6819584",-121.1622731,38.679725,2015,"3401","0","4","4","09",0,1,"A",,,,,,1800,2,"D","C","A","WALES DR","DEAN WY",0,,"Y","2015-03-12",3401,"2015-02-05",1545,"209",,"5","5","0","0",,"0","002","-","N",,0,0,,,0,,,,"Y",3,"A","-",21802,"A","N","A","H","-","A","D","0","Y","-","-",0,0,1,0,0,0,0,0,0,"-","-","FOLSOM","SACRAMENTO","CA",0,0
"6819582",-121.4714141,38.5317908,2015,"3404","3","5","4","03",0,2,"A",,,,,,1800,1,"C","C","A","RT 99","FRUITRIDGE RD",2640,"N","N","2016-10-21",9252,"2015-01-30",1605,"015006",,"2","7","0","1",,"2","192","-","Y","SAC",3,99,"-","-",22.44,"H","-","S","N",3,"A","-",22350,,"M","A","H","-","A","D","1","Y","A","01",0,0,2,0,0,0,0,0,0,"-","-","SACRAMENTO","SACRAMENTO","CA",-121.7132,38.3451
"6819579",-121.3719431,38.465385,2015,"3400","5","4","4","12",0,2,"B",,,,,,1500,2,"A","C","A","ELK GROVE FLORIN RD","VINTAGE PARK DR",0,,"Y","2015-03-12",9252,"2015-02-05",1205,"13720",,"1","9","0","3",,"2","074","-","N",,0,0,,,0,,,,"Y",2,"A","-",21453,"A","N","A","H","-","A","A","0","Y","A","01",0,0,2,0,0,0,0,0,0,"-","-","UNINCORPORATED","SACRAMENTO","CA",-121.3719,38.46536
"6819578",-121.3904426,38.4125414,2015,"3450","3","6","4","03",0,1,"B",,,,,,1500,2,"B","C","A","RT 99","ELK GROVE BL",800,"N","N","2016-10-20",9252,"2015-02-07",1446,"018435",,"2","5","0","1",,"2","191","C","Y","SAC",3,99,"-","-",12.91,"H","-","S","Y",3,"A","-",22350,,"N","B","H","-","A","D","1","Y","D","22",0,0,1,0,0,0,0,0,0,"-","-","ELK GROVE","SACRAMENTO","CA",-121.38943,38.41023
"6819575",-121.3715831,38.4101015,2015,"3450","S","2","3","05",0,1,"B",,"Y",,,,900,2,"D","G","A","ELK GROVE FLORIN RD","SIERRA ST",45,"S","N","2015-03-16",9252,"2015-02-17",730,"012149",,"1","5","1","4",,"2","901","-","N",,0,0,,,0,,,,"N",2,"A","-",21202,"A","N","A","H","-","A","D","0","Y","L","04",0,1,0,0,0,0,1,0,0,"-","-","ELK GROVE","SACRAMENTO","CA",-121.87351,38.42819
"6819572",0,0,2015,"3401","0","3","4","21",0,1,"A",,,,,,1500,2,"C","C","A","FOLSOM LAKE CROSSING","FOLSOM-AUBURN RD",15,"E","N","2015-03-13",3401,"2015-02-18",1355,"222","3401","5","5","0","0",,"0","001","-","N",,0,0,,,0,,,,"N",2,"A","-",22106,,"N","A","H","-","A","A","0","Y","A","01",0,0,1,0,0,0,0,0,0,"-","-","FOLSOM","SACRAMENTO","CA",0,0
"6819570",-121.4189482,38.4743651,2015,"3400","4","1","3","01",0,2,"A",,,,"Y","Y",2100,2,"B","C","A","ELSIE AV","STOCKTON BL",10,"E","N","2015-03-16",9252,"2015-02-09",2052,"18974",,"2","9","0","2",,"2","073","-","N",,0,0,,,0,,,,"Y",3,"A","-",23152,"A","F","A","H","-","C","A","0","Y","A","01",0,2,0,0,0,0,0,0,0,"-","-","UNINCORPORATED","SACRAMENTO","CA",-121.41874,38.47433
"6819566",-121.3922715,38.4817043,2015,"3400","4","1","3","01",0,1,"A",,,,,"Y",1800,2,"B","C","A","GERBER RD","FRENCH RD",575,"W","N","2015-03-16",9252,"2015-02-09",1655,"18425",,"2","9","0","2",,"2","073","-","N",,0,0,,,0,,,,"Y",2,"A","-",23152,"A","N","A","H","-","A","-","0","Y","D","22",0,1,0,0,0,0,0,0,0,"-","-","UNINCORPORATED","SACRAMENTO","CA",-121.39184,38.48168
"6819560",-121.7073534,38.0869652,2015,"3400","3","7","4","08",0,1,"C",,,,,,1500,2,"F","A","A","RT 160","RT 12",10560,"N","N","2016-09-01",9252,"2015-02-08",1255,"018591",,"1","9","0","1",,"2","162","-","Y","SAC",3,160,"-","-",1.63,"H","-","N","Y",1,"A","-",22107,,"N","B","H","-","A","D","0","Y","D","22",0,0,1,0,0,0,0,0,0,"-","-","UNINCORPORATED","SACRAMENTO","CA",-121.65929,38.17471
"6819558",-121.4223131,38.481635,2015,"3400","4","7","4","09",0,3,"A",,,,,,900,2,"D","C","A","STOCKTON BL","GERBER RD",0,,"Y","2015-03-12",9252,"2015-02-01",645,"018575",,"1","9","0","2",,"2","073","-","N",,0,0,,,0,,,,"Y",3,"A","-",21453,"C","N","A","H","-","B","A","0","Y","A","01",0,0,3,0,0,0,0,0,0,"-","-","UNINCORPORATED","SACRAMENTO","CA",-121.252,38.2855
"6819544",-121.470018,38.5296291,2015,"3404","3","2","4","08",0,2,"A",,,,,,1200,2,"B","C","A","RT 99","27TH AV",10,"N","N","2016-10-21",9252,"2015-02-10",945,"14561",,"1","7","0","1",,"2","192","-","Y","SAC",3,99,"-","-",22.218,"H","-","N","N",4,"A","-",22107,,"N","A","H","-","A","D","1","Y","A","01",0,0,2,0,0,0,0,0,0,"-","-","SACRAMENTO","SACRAMENTO","CA",0,0
"6819540",-121.3702517,38.51022,2015,"3400","5","2","4","03",0,1,"A",,,,,,1200,2,"-","C","A","SOUTH WATT AV","ELDER CREEK RD",200,"S","N","2015-03-16",9252,"2015-02-03",940,"18658",,"1","9","0","3",,"2","076","-","N",,0,0,,,0,,,,"Y",2,"A","-",22350,,"N","A","H","-","A","A","0","Y","A","01",0,0,1,0,0,0,0,0,0,"-","-","UNINCORPORATED","SACRAMENTO","CA",-121.37131,38.50827
"6819528",-121.4550136,38.5104351,2015,"3400","4","2","4","07",0,1,"A",,,,"Y",,2100,2,"B","C","A","47TH AV","44TH ST",100,"E","N","2015-03-16",9252,"2015-02-17",1825,"18167",,"2","9","0","2",,"1","072","-","N",,0,0,,,0,,,,"N",2,"A","-",21658,"A","N","A","H","-","D","D","0","Y","G","25",0,0,1,0,0,0,0,0,0,"-","-","UNINCORPORATED","SACRAMENTO","CA",-121.45503,38.51048
"6819423",-121.3532121,38.5434906,2015,"3400","5","4","4","08",0,1,"A",,,,,,1800,2,"D","C","A","HENLEY WY","ANDEDON CIR",100,"W","N","2015-03-16",9260,"2015-02-19",1630,"016328",,"2","9","0","3",,"2","001","-","N",,0,0,,,0,,,,"N",2,"A","-",22107,,"N","A","H","-","A","D","0","Y","D","22",0,0,1,0,0,0,0,0,0,"-","-","UNINCORPORATED","SACRAMENTO","CA",0,0
"6819419",-121.1017139,38.4998674,2015,"3400","5","4","3","05",0,1,"A",,,,,,1500,2,"A","C","A","STONEHOUSE RD","RT 16",800,"N","N","2015-03-16",9260,"2015-02-19",1230,"016328",,"1","9","0","3",,"2","003","-","N",,0,0,,,0,,,,"Y",2,"A","-",21460,"A","N","A","H","-","A","D","0","Y","D","22",0,1,0,0,0,0,0,0,0,"-","-","UNINCORPORATED","SACRAMENTO","CA",0,0
"6819235",-121.496651,38.5626951,2015,"3404","0","2","4","17",0,4,"A",,,,,,1500,2,"-","C","A","BROADWAY","13TH ST",78,"W","N","2015-03-16",3404,"2015-02-10",1452,"0457",,"5","7","0","0",,"0",,"-","N",,0,0,,,0,,,,"N",3,"A","-",22109,,"N","A","H","-","A","D","0","Y","-",,0,0,4,0,0,0,0,0,0,"-","-","SACRAMENTO","SACRAMENTO","CA",0,0
"6819231",-121.4569431,38.6440551,2015,"3404","0","5","4","09",0,1,"A",,,,,,1800,2,"D","C","A","JESSIE AV","NORWOOD AV",0,,"Y","2015-03-16",3404,"2015-02-13",1622,"8112","2","5","7","0","0",,"0","00A","-","N",,0,0,,,0,,,,"Y",2,"A","-",21801,,"N","A","H","-","A","A","0","Y","D","22",0,0,1,0,0,0,0,0,0,"-","-","SACRAMENTO","SACRAMENTO","CA",0,0
"6819033",0,0,2015,"3404","0","2","4","09",0,1,"A",,,"Y",,,1500,2,"D","C","A","ARENA BL","SLEEP TRAIN ARENA SOUTH ENT",0,,"Y","2015-03-17",3404,"2015-02-03",1329,"617",,"5","7","0","0",,"0","01A","-","N",,0,0,,,0,,,,"Y",2,"A","-",21453,"C","N","A","H","-","A","A","0","Y","D","72",0,0,1,0,0,0,0,0,1,"-","-","SACRAMENTO","SACRAMENTO","CA",0,0
"6818313",0,0,2015,"3401","0","1","3","07",0,1,"A",,,,,,900,2,"F","A","A","WHITE ROCK RD","PLACERVILLE RD",1000,"E","N","2015-03-05",3401,"2015-02-02",850,"178","5","5","5","0","0",,"0","005","-","N",,0,0,,,0,,,,"N",1,"A","-",21658,"A","N","A","H","-","A","D","0","Y","A","01",0,1,0,0,0,0,0,0,0,"-","-","FOLSOM","SACRAMENTO","CA",0,0
"6818312",-121.1285397,38.6583119,2015,"3401","0","1","4","03",0,1,"A",,,,,,1200,2,"C","C","A","E BIDWELL ST","CLARKSVILLE",21,"N","N","2015-03-05",3401,"2015-02-02",913,"177","4","5","5","0","0",,"0","004","-","N",,0,0,,,0,,,,"N",2,"A","-",22350,,"N","A","H","-","A","A","0","Y","A","01",0,0,1,0,0,0,0,0,0,"-","-","FOLSOM","SACRAMENTO","CA",-121.1516,38.66671
"6818311",0,0,2015,"3401","0","7","4","03",0,1,"B",,,,,"Y",1800,2,"C","C","A","GREENBACK LN","RILEY ST",300,"N","N","2015-03-05",3401,"2015-02-08",1627,"212","2","5","5","0","0",,"0","002","C","N",,0,0,,,0,,,,"N",2,"A","-",22350,,"N","B","H","-","A","D","0","Y","A","01",0,0,1,0,0,0,0,0,0,"-","-","FOLSOM","SACRAMENTO","CA",0,0
"6816796",-121.4094285,38.559108,2015,"3404","0","2","4","03",0,1,"A",,,,,,1500,2,"C","C","A","HOWE AV","COLLEGE TOWN DR",1320,"N","N","2015-03-05",3404,"2015-02-03",1329,"0491","SACRA","5","7","0","0",,"0",,"-","N",,0,0,,,0,,,,"Y",2,"A","-",22350,,"M","A","H","-","A","A","0","Y","A","01",0,0,1,0,0,0,0,0,0,"-","-","SACRAMENTO","SACRAMENTO","CA",0,0
"6816792",-121.4415443,38.5226851,2015,"3404","0","7","4","03",0,1,"A",,,,,,2400,2,"A","C","A","STOCKTON BL","YOUNG ST",500,"S","N","2015-03-05",3404,"2015-02-01",2202,"0557","6","5","7","0","0",,"0","00B","-","N",,0,0,,,0,,,,"Y",3,"A","-",22350,,"F","A","H","-","C","D","0","Y","A","01",0,0,1,0,0,0,0,0,0,"-","-","SACRAMENTO","SACRAMENTO","CA",0,0
"6816670",-121.3752105,38.5531058,2015,"3404","0","3","3","03",0,2,"A",,,,,,1800,1,"D","C","A","FOLSOM BL","WATT AV",6,"W","N","2015-03-04",3404,"2015-01-28",1545,"8105","6","5","7","0","0",,"0","00E","-","N",,0,0,,,0,,,,"Y",3,"A","-",22350,,"N","A","H","-","A","A","0","Y","A","01",0,1,1,0,0,0,0,0,0,"-","-","SACRAMENTO","SACRAMENTO","CA",0,0
"6816669",-121.4565889,38.5729067,2015,"3404","0","3","4","03",0,2,"A",,,,,,1200,2,"C","C","A","H ST","36TH ST",162,"E","N","2015-03-13",3404,"2015-02-11",1134,"0820","SACRA","5","7","0","0",,"0","06D","B","N",,0,0,,,0,,,,"Y",3,"A","-",22350,,"N","A","H","-","A","D","0","Y","A","01",0,0,2,0,0,0,0,0,0,"-","-","SACRAMENTO","SACRAMENTO","CA",0,0
"6816665",-121.5054931,38.566345,2015,"3404","0","3","4","08",0,2,"A",,,,"Y",,1200,2,"D","C","A","X ST","6TH ST",0,,"Y","2015-03-16",3404,"2015-02-11",1043,"0600",,"5","7","0","0",,"0",,"-","N",,0,0,,,0,,,,"Y",2,"A","-",22100,"B","N","A","H","-","A","D","0","Y","F","26",0,0,2,0,0,0,0,0,0,"-","-","SACRAMENTO","SACRAMENTO","CA",0,0
"6816661",-121.4383731,38.5158151,2015,"3404","0","2","4","09",0,1,"A",,,,,,1200,2,"D","C","A","LEMON HILL AV","STOCKTON BL",0,,"Y","2015-03-09",3404,"2015-02-03",927,"613","6","5","7","0","0",,"0","00B","-","N",,0,0,,,0,,,,"N",2,"A","-",21802,,"F","A","H","-","A","A","0","Y","D","22",0,0,1,0,0,0,0,0,0,"-","-","SACRAMENTO","SACRAMENTO","CA",0,0
"6816312",-121.4763831,38.574525,2015,"3404","0","7","4","01",0,1,"A",,,,,"Y",1800,2,"D","C","A","K ST","23RD ST",0,,"Y","2015-08-24",3404,"2015-02-08",1717,"8178",,"5","7","0","0",,"0",,"-","N",,0,0,,,0,,,,"Y",2,"A","-",23152,"A","N","B","H","-","A","D","0","Y","A","01",0,0,1,0,0,0,0,0,0,"-","-","SACRAMENTO","SACRAMENTO","CA",0,0
"6816294",-121.4789105,38.5579753,2015,"3404","0","2","4","01",0,1,"A","Y",,,,"Y",1200,2,"C","C","F","BROADWAY","26TH ST",46,"E","N","2015-03-06",3404,"2015-02-03",1033,"8186","4","5","7","0","0",,"0","00A","-","N",,0,0,,,0,,,,"Y",3,"A","-",23153,"A","N","A","H","-","A","D","0","Y","A","01",0,0,1,0,1,0,0,0,0,"-","-","SACRAMENTO","SACRAMENTO","CA",0,0
"6816290",-121.4468977,38.4647579,2015,"3404","0","7","4","03",0,2,"A",,,,,,1800,2,"C","C","A","FRANKLIN BL","BOYCE DE",229,"S","N","2015-03-06",3404,"2015-02-01",1507,"8178","P5","5","7","0","0",,"0","05B","-","N",,0,0,,,0,,,,"Y",2,"A","-",22350,,"N","A","H","-","A","A","0","Y","A","01",0,0,2,0,0,0,0,0,0,"-","-","SACRAMENTO","SACRAMENTO","CA",0,0
"6816286",-121.4317631,38.628825,2015,"3404","0","7","4","08",0,1,"A",,,,,,2100,2,"A","C","A","MARYSVILLE BL","LOS ROBLES BL",0,,"Y","2015-03-06",3404,"2015-02-01",1946,"8204",,"5","7","0","0",,"0",,"-","N",,0,0,,,0,,,,"N",2,"A","-",22107,,"N","A","H","-","C","A","0","Y","A","07",0,0,1,0,0,0,0,0,0,"-","-","SACRAMENTO","SACRAMENTO","CA",0,0
"6816019",0,0,2015,"3404","0","5","3","03",0,1,"A",,,,,,1800,1,"C","C","A","22ND ST","MEADOW VIEW RD",10,"N","N","2015-03-04",3404,"2015-01-30",1617,"8179","5","5","7","0","0",,"0","00A","-","N",,0,0,,,0,,,,"Y",3,"A","-",22350,,"F","A","H","-","A","A","0","Y","-",,0,1,0,0,0,0,0,0,0,"-","-","SACRAMENTO","SACRAMENTO","CA",0,0
"6815986",0,0,2015,"3404","0","5","4","01",0,1,"C",,,,,"Y",2400,2,"D","E","A","JOHN STILL DR","MANORSIDE DR",35,"W","N","2015-03-06",3404,"2015-02-06",2213,"719",,"5","7","0","0",,"0","05A","-","N",,0,0,,,0,,,,,2,"A","-",23152,"A","N","B","H","-","C","D","0","Y","A","01",0,0,1,0,0,0,0,0,0,"-","-","SACRAMENTO","SACRAMENTO","CA",0,0
"6815982",-121.4569446,38.6441594,2015,"3404","0","5","4","03",0,1,"B",,,,,,1500,2,"C","C","A","NORWOOD AV","JESSIE AV",38,"N","N","2015-03-05",3404,"2015-02-06",1230,"0542","2A","5","7","0","0",,"0",,"C","N",,0,0,,,0,,,,"N",2,"A","-",22350,,"N","B","H","-","A","A","0","Y","A","01",0,0,1,0,0,0,0,0,0,"-","-","SACRAMENTO","SACRAMENTO","CA",0,0
"6815978",-121.4346931,38.6431451,2015,"3404","0","3","3","12",0,2,"A",,,,,,2400,2,"D","C","A","RALEY BL","RT 80",0,,"Y","2016-09-22",3404,"2015-02-04",2111,"8112","2","5","7","0","0",,"0","00A","-","Y","SAC",3,80,"-","M",7.449,"R","4","E","Y",2,"A","-",21453,"A","N","A","H","-","C","A","0","Y","A","01",0,1,1,0,0,0,0,0,0,"-","-","SACRAMENTO","SACRAMENTO","CA",0,0
"6815974",-121.468903,38.554155,2015,"3404","0","7","2","09",0,1,"A",,,"Y",,,1500,2,"D","C","A","1ST AV","34TH ST",0,,"Y","2015-03-06",3404,"2015-02-01",1217,"613","6","5","7","0","0",,"0","00A","-","N",,0,0,,,0,,,,"Y",2,"A","-",21802,,"N","A","H","-","A","A","0","Y","A","01",1,0,0,0,0,0,0,0,1,"-","-","SACRAMENTO","SACRAMENTO","CA",0,0
"6815970",-121.4881231,38.5714751,2015,"3404","0","2","3","01",0,1,"A",,,,,"Y",2100,2,"D","C","A","16TH ST","P ST",0,,"Y","2015-03-06",3404,"2015-02-10",1811,"8112","3","5","7","0","0",,"0","00B","-","N",,0,0,,,0,,,,"Y",2,"A","-",23152,"A","N","A","H","-","C","A","0","Y","A","01",0,1,0,0,0,0,0,0,0,"-","-","SACRAMENTO","SACRAMENTO","CA",0,0
"6815966",0,0,2015,"3404","0","1","3","12",0,4,"B",,,,,,1200,2,"D","C","A","TRUXEL RD","ARENA BL",0,,"Y","2015-03-12",3404,"2015-02-09",1045,"291",,"5","7","0","0",,"0","01A","-","N",,0,0,,,0,,,,"Y",3,"A","-",21453,"A","N","A","H","-","A","A","0","Y","-","-",0,1,3,0,0,0,0,0,0,"-","-","SACRAMENTO","SACRAMENTO","CA",0,0
"6815962",-121.526383,38.515235,2015,"3404","0","1","4","09",0,1,"A",,,,,,1500,2,"D","C","A","43RD AV","RIVERSIDE BL",0,,"Y","2015-03-05",3404,"2015-02-09",1345,"0600",,"5","7","0","0",,"0",,"-","N",,0,0,,,0,,,,"Y",2,"A","-",21801,"A","N","A","H","-","A","A","0","Y","A","01",0,0,1,0,0,0,0,0,0,"-","-","SACRAMENTO","SACRAMENTO","CA",0,0
"6815958",-121.4302031,38.634695,2015,"3404","0","7","4","03",0,3,"A",,,,,,2100,2,"C","C","A","MARYSVILLE BL","ROANOKE AV",0,,"Y","2015-03-06",3404,"2015-02-08",1854,"8204","2","5","7","0","0",,"0","00A","-","N",,0,0,,,0,,,,"Y",3,"A","-",22350,,"N","B","H","-","C","D","0","Y","A","01",0,0,3,0,0,0,0,0,0,"-","-","SACRAMENTO","SACRAMENTO","CA",0,0
"6815728",-121.4705432,38.5342579,2015,"3404","0","4","4","03",0,1,"A",,,,,,900,1,"C","E","A","34TH ST","20TH AV",90,"S","N","2015-03-17",3404,"2015-01-29",740,"4104","6","5","7","0","0",,"0","00A","-","N",,0,0,,,0,,,,"Y",2,"A","-",22350,,"N","A","H","-","A","D","0","Y","A","08",0,0,1,0,0,0,0,0,0,"-","-","SACRAMENTO","SACRAMENTO","CA",0,0
"6815119",-121.4864415,38.5808691,2015,"3404","0","2","4","03",0,1,"A",,,,,,2100,4,"C","C","A","H ST","14TH ST",160,"E","N","2015-04-28",3404,"2015-04-14",1824,"8178","P3","5","7","0","0",,"0","03A","-","N",,0,0,,,0,,,,"N",2,"A","-",22350,,"F","A","H","-","A","A","0","Y","A","01",0,0,1,0,0,0,0,0,0,"-","-","SACRAMENTO","SACRAMENTO","CA",0,0
"6815033",-121.4965231,38.5835751,2015,"3404","0","4","4","12",0,2,"A",,,,,,2400,4,"D","C","A","7TH ST","H ST",0,,"Y","2015-04-27",3404,"2015-04-09",2234,"755","3","5","7","0","0",,"0","00M","-","N",,0,0,,,0,,,,"Y",2,"A","-",21453,"A","N","A","H","-","C","A","0","Y","J","48",0,0,2,0,0,0,0,0,0,"-","-","SACRAMENTO","SACRAMENTO","CA",0,0
"6815025",-121.3605483,38.3773014,2015,"3450","0","4","2","18",0,2,"A",,,,,,900,4,"E","J","A","GRANT LINE RD","E STOCKTON BL",20,"W","N","2015-04-27",340,"2015-04-02",626,"10101","5505","5","5","0","0",,"0","005","-","N",,0,0,,,0,,,,"N",2,"C","-",0,,"N","D","H","-","C","A","0","Y","-","-",1,0,1,0,0,0,0,0,0,"-","-","ELK GROVE","SACRAMENTO","CA",0,0
"6814909",-121.4551878,38.4235922,2015,"3450","0","2","4","03",0,2,"A",,,,,,2100,3,"C","C","A","LAGUNA BL","NEOSHO DR",651,"W","N","2015-04-14",340,"2015-03-31",1945,"10258","2301","5","5","0","0",,"0","002","-","N",,0,0,,,0,,,,,2,"A","-",22350,,"N","A","H","-","C","A","0","Y","J","48",0,0,2,0,0,0,0,0,0,"-","-","ELK GROVE","SACRAMENTO","CA",0,0
"6814716",-121.4620559,38.4796717,2015,"3404","0","5","4","03",0,1,"A",,,,,,900,3,"C","C","A","MACK RD","SAMOS WY",120,"W","N","2015-03-25",3404,"2015-03-06",815,"8198","5","5","7","0","0",,"0","00B","-","N",,0,0,,,0,,,,"N",2,"A","-",22350,,"N","A","H","-","A","A","0","Y","A","01",0,0,1,0,0,0,0,0,0,"-","-","SACRAMENTO","SACRAMENTO","CA",0,0
"6814338",-121.2718496,38.7125354,2015,"3496","0","6","3","01",0,5,"A",,,,,"Y",2400,2,"C","C","A","SUNRISE BL","STANFORD AV",324,"S","N","2015-03-05",3496,"2015-02-14",2101,,,"5","5","0","0",,"0",,"-","N",,0,0,,,0,,,,"Y",3,"A","-",23152,"A","N","A","H","-","C","D","0","Y","A","01",0,1,4,0,0,0,0,0,0,"-","-","CITRUS HEIGHTS","SACRAMENTO","CA",-121.27178,38.71191
"6814302",-121.4238308,38.4849185,2015,"3404","4","6","4","22",0,1,"A",,,,,,2400,1,"C","E","A","STOCKTON BL","POMEGRANATE AV",111,"S","N","2015-03-11",9252,"2015-01-31",2109,"18961",,"2","7","0","2",,"2","073","-","N",,0,0,,,0,,,,"N",2,"B","-",0,,"N","A","H","-","C","D","0","Y","J","48",0,0,1,0,0,0,0,0,0,"-","-","SACRAMENTO","SACRAMENTO","CA",-121.42398,38.48509
"6814266",-121.4869631,38.5638351,2015,"3404","0","2","4","07",0,1,"A",,,,,,1500,1,"B","C","A","19TH ST","V ST",0,,"Y","2015-03-11",3404,"2015-01-20",1345,"510",,"5","7","0","0",,"0",,"-","N",,0,0,,,0,,,,"Y",2,"A","-",21658,"A","N","A","H","-","A","A","0","Y","J","48",0,0,1,0,0,0,0,0,0,"-","-","SACRAMENTO","SACRAMENTO","CA",0,0
"6814255",-121.3057308,38.5799675,2015,"3400","2","1","4","03",0,1,"A",,,,,,1200,2,"C","C","A","RT 50","MATHER FIELD RD",600,"E","N","2016-09-12",9260,"2015-02-23",925,"16429",,"1","9","0","1",,"2","501","-","Y","SAC",3,50,"-","R",9.62,"H","-","W","N",2,"A","-",22350,,"N","A","H","-","A","D","1","Y","A","07",0,0,1,0,0,0,0,0,0,"-","-","UNINCORPORATED","SACRAMENTO","CA",0,0
"6814251",-121.4601732,38.5104563,2015,"3404","3","2","4","03",0,2,"A",,,,,,2100,2,"C","C","A","RT 99","47TH AV",200,"N","N","2016-10-21",9252,"2015-02-03",1848,"18591",,"2","7","0","1",,"2","192","-","Y","SAC",3,99,"-","-",20.88,"H","-","S","N",5,"A","-",22350,,"N","A","H","-","C","D","1","Y","A","01",0,0,2,0,0,0,0,0,0,"-","-","SACRAMENTO","SACRAMENTO","CA",-121.46013,38.51016
"6813269",-121.2717263,38.6904808,2015,"3496","0","2","4","03",0,3,"B",,,,,,1200,2,"C","C","A","SUNRISE BL","WOODMORE OAKS DR",617,"S","N","2015-03-06",3496,"2015-02-03",900,"145",,"5","5","0","0",,"0","002","-","N",,0,0,,,0,,,,"Y",3,"A","-",22350,,"N","A","D","H","A","A","0","Y","A","01",0,0,3,0,0,0,0,0,0,"-","-","CITRUS HEIGHTS","SACRAMENTO","CA",0,0
"6813265",-121.3095431,38.672565,2015,"3496","0","3","4","09",0,3,"B",,,,,,1800,2,"D","C","A","DEWEY DR","DUNMORE AV",0,,"Y","2015-03-05",3496,"2015-02-04",1526,"208","SACRA","5","5","0","0",,"0","003","-","N",,0,0,,,0,,,,"Y",2,"A","-",21802,"A","N","A","H","-","A","A","0","Y","A","01",0,0,3,0,0,0,0,0,0,"-","-","CITRUS HEIGHTS","SACRAMENTO","CA",0,0
"6813233",-121.3773046,38.4089751,2015,"3450","0","5","4","03",0,1,"C",,,,,,1800,2,"C","C","A","ELK GROVE BL","WILLIAMSON DR",350,"W","N","2016-04-06",340,"2015-02-06",1739,"10022","5402","5","5","0","0",,"0","005","-","N",,0,0,,,0,,,,,2,"A","-",22350,,"N","B","H","-","C","D","0","Y","A","01",0,0,1,0,0,0,0,0,0,"-","-","ELK GROVE","SACRAMENTO","CA",0,0
"6813217",-121.4733175,38.4278728,2015,"3450","0","6","4","03",0,2,"B",,,,,,1500,2,"C","C","A","LAGUNA BL","GROPIUS ST",268,"E","N","2015-03-11",340,"2015-02-07",1255,"10316","1202","5","5","0","0",,"0","001","-","N",,0,0,,,0,,,,"Y",2,"A","-",22350,,"N","A","H","-","A","A","0","Y","A","01",0,0,2,0,0,0,0,0,0,"-","-","ELK GROVE","SACRAMENTO","CA",0,0
"6813213",-121.417333,38.383215,2015,"3450","0","5","4","03",0,2,"C",,,,,,1800,2,"C","C","A","BRUCEVILLE RD","BILBY RD",0,,"Y","2015-03-10",340,"2015-02-06",1604,"10380","4404","5","5","0","0",,"0","004","G","N",,0,0,,,0,,,,"N",2,"A","-",22350,,"N","B","H","-","A","A","0","Y","A","01",0,0,2,0,0,0,0,0,0,"-","-","ELK GROVE","SACRAMENTO","CA",0,0