"CASEID","POINT_X","POINT_Y","YEAR_","LOCATION","CHPTYPE","DAYWEEK","CRASHSEV","VIOLCAT","KILLED","INJURED","WEATHER1","PEDCOL","BICCOL","MCCOL","TRUCKCOL","ETOH","TIMECAT","MONTH_","CRASHTYP","INVOLVE","PED","PRIMARYRD","SECONDRD","DISTANCE","DIRECT","INTERSECT_","PROCDATE","JURIS","DATE_","TIME_","BADGE","JURIDIST","SHIFT","POP","SPECIAL","BEATTYPE","LAPDDIV","BEATCLAS","BEATNUMB","WEATHER2","STATEHW","CALTRANC","CALTRAND","STROUTE","ROUTESUF","POSTPRE","POSTMILE","LOCATYPE","RAMP","SIDEHW","TOWAWAY","PARTIES","PCF","VIOLCODE","VIOL","VIOLSUB","HITRUN","ROADSURF","RDCOND1","RDCOND2","LIGHTING","RIGHTWAY","CHPRDTYP","NOTPRIV","STFAULT","CHPFAULT","SEVINJ","OTHERINJ","COP","PEDKILL","PEDINJ","BICKILL","BICINJ","MCKILL","MCINJURE","RAMP1","RAMP2","CITY","COUNTY","STATE","X_CHP","Y_CHP"
"6813209",-121.3719761,38.4452851,2015,"3450","0","1","4","08",0,1,"A",,"Y",,,,2400,2,"C","G","A","BLACK KITE DR","ELK GROVE FLORIN RD",61,"W","N","2015-03-10",340,"2015-02-02",2357,"10055","3201","5","5","0","0",,"0","003","-","N",,0,0,,,0,,,,"N",2,"A","-",22107,,"F","A","H","-","C","D","0","Y","-","99",0,0,1,0,0,0,1,0,0,"-","-","ELK GROVE","SACRAMENTO","CA",0,0
"6813201",0,0,2015,"3450","0","1","3","09",0,1,"B",,,,,,2100,2,"D","C","A","ELK GROVE BL","APPLE MILL DR",0,,"Y","2015-03-10",340,"2015-02-02",1938,"10054","5602","5","5","0","0",,"0","005","-","N",,0,0,,,0,,,,"Y",2,"A","-",21802,"A","N","A","H","-","C","D","0","Y","A","08",0,1,0,0,0,0,0,0,0,"-","-","ELK GROVE","SACRAMENTO","CA",0,0
"6812942",-121.2827191,38.6983205,2015,"3496","0","4","4","03",0,1,"B",,,,,,1500,2,"C","C","A","OLD AUBURN RD","MARIPOSA AV",542,"W","N","2015-03-06",3496,"2015-02-05",1445,"208","SACRA","5","5","0","0",,"0","002","-","N",,0,0,,,0,,,,"N",2,"A","-",22350,,"N","A","H","-","A","D","0","Y","-","-",0,0,1,0,0,0,0,0,0,"-","-","CITRUS HEIGHTS","SACRAMENTO","CA",0,0
"6812689",0,0,2015,"3450","0","1","4","00",0,1,"B",,"Y",,,,900,1,"D","G","A","BIG HORN BL","WHITELOCK PKWY",0,,"Y","2016-04-06",340,"2015-01-26",803,"10101","4206","5","5","0","0",,"0","004","-","N",,0,0,,,0,,,,"N",2,"D","-",0,,"N","A","H","-","A","A","0","Y","-","-",0,0,1,0,0,0,1,0,0,"-","-","ELK GROVE","SACRAMENTO","CA",0,0
"6812681",-121.4376931,38.423435,2015,"3450","0","3","4","09",0,1,"B",,"Y",,,,1800,1,"D","G","A","LAGUNA BL","LAGUNA PARK DR",0,,"Y","2015-03-05",340,"2015-01-21",1542,"10058","2304","5","5","0","0",,"0","002","-","N",,0,0,,,0,,,,"N",2,"A","-",21453,"B","N","A","H","-","A","A","0","Y","A","01",0,0,1,0,0,0,1,0,0,"-","-","ELK GROVE","SACRAMENTO","CA",0,0
"6812677",-121.3348247,38.3994395,2015,"3450","0","5","4","09",0,1,"A",,,,,,1500,1,"C","C","A","GRANT LINE RD","BRADSHAW RD",50,"W","N","2015-03-05",340,"2015-01-30",1354,"10150","5302","5","5","0","0",,"0","005","-","N",,0,0,,,0,,,,"N",2,"A","-",21800,"B","N","A","H","-","A","A","0","Y","A","01",0,0,1,0,0,0,0,0,0,"-","-","ELK GROVE","SACRAMENTO","CA",0,0
"6812669",0,0,2015,"3450","0","3","4","03",0,1,"A",,,,,,2100,1,"C","C","A","BIG HORN BL","CIVIC CENTER DR",27,"N","N","2015-03-05",340,"2015-01-28",1930,"10550","4201","5","5","0","0",,"0","004","-","N",,0,0,,,0,,,,"N",2,"A","-",22350,,"N","A","H","-","C","A","0","Y","A","01",0,0,1,0,0,0,0,0,0,"-","-","ELK GROVE","SACRAMENTO","CA",0,0
"6811439",-121.4960532,38.584675,2015,"3404","0","5","4","-",0,1,"A",,"Y",,,,1200,1,"B","G","A","7TH ST","G ST",0,,"Y","2015-02-26",3404,"2015-01-02",907,"372","3","5","7","0","0",,"0","00A","-","N",,0,0,,,0,,,,"N",2,"A","-",0,,"N","A","C","-","A","A","0","Y","L","04",0,0,1,0,0,0,1,0,0,"-","-","SACRAMENTO","SACRAMENTO","CA",0,0
"6811183",-121.4329684,38.6206626,2015,"3404","0","7","2","01",0,3,"A",,,,,"Y",300,2,"A","I","A","JULIESSE AV","DEL PASO BL",22,"E","N","2015-03-05",3404,"2015-02-01",109,"0597",,"5","7","0","0",,"0","02B","-","N",,0,0,,,0,,,,"Y",1,"A","-",23152,,"N","A","H","-","C","D","0","Y","A","01",3,0,0,0,0,0,0,0,0,"-","-","SACRAMENTO","SACRAMENTO","CA",0,0
"6811179",-121.4384331,38.6619951,2015,"3404","0","7","3","03",0,1,"A","Y",,,,"Y",2400,2,"G","B","E","DRY CREEK RD","CLAIRE AV",0,,"Y","2015-03-05",3404,"2015-02-01",2148,"8129",,"5","7","0","0",,"0","02A","-","N",,0,0,,,0,,,,"N",2,"A","-",22350,,"F","A","H","-","A","D","0","Y","A","01",0,1,0,0,1,0,0,0,0,"-","-","SACRAMENTO","SACRAMENTO","CA",0,0
"6811152",-121.4404231,38.466035,2015,"3404","0","1","4","00",0,1,"E",,"Y",,,,900,2,"G","G","A","PEGLER WY","VALLEY HI DR",0,,"Y","2015-03-05",3404,"2015-02-02",730,"325","SECTO","5","7","0","0",,"0","05B","-","N",,0,0,,,0,,,,"N",2,"A","-",21950,,"F","A","H","-","B","A","0","Y","-","99",0,0,1,0,0,0,1,0,0,"-","-","SACRAMENTO","SACRAMENTO","CA",0,0
"6811128",-121.507902,38.6707564,2015,"3404","0","7","4","03",0,1,"A",,,,,"Y",2400,2,"C","C","A","NATOMAS BL","CLUB CENTER DR",25,"S","N","2015-03-05",3404,"2015-02-01",2135,"8129",,"5","7","0","0",,"0","01A","-","N",,0,0,,,0,,,,"N",2,"A","-",22350,,"F","A","H","-","C","A","0","Y","-","99",0,0,1,0,0,0,0,0,0,"-","-","SACRAMENTO","SACRAMENTO","CA",0,0
"6811124",-121.4543512,38.6120398,2015,"3404","0","7","2","03",0,1,"A","Y",,,,,2400,2,"G","B","E","SANTIAGO AV","FAIRFIELD ST",348,"W","N","2015-03-05",3404,"2015-02-01",2117,"8204",,"5","7","0","0",,"0",,"-","N",,0,0,,,0,,,,"N",2,"A","-",22350,,"F","A","H","-","C","D","0","Y","-","99",1,0,0,0,1,0,0,0,0,"-","-","SACRAMENTO","SACRAMENTO","CA",0,0
"6809909",0,0,2015,"3490","0","6","3","01",0,1,"A",,,,,"Y",300,1,"E","I","A","DATA DR","RESERVOIR RD",1320,"N","N","2015-03-03",3400,"2015-01-03",236,"245","RC","5","5","0","0",,"0","005","-","N",,0,0,,,0,,,,"Y",2,"A","-",23152,"A","N","A","H","-","C","D","0","Y","A","01",0,1,0,0,0,0,0,0,0,"-","-","RANCHO CORDOVA","SACRAMENTO","CA",0,0
"6809905",-121.2690148,38.6159364,2015,"3490","0","3","4","03",0,1,"A",,,,,,1500,1,"C","C","A","SUNRISE BL","ZINFANDEL DR",150,"N","N","2015-03-03",3400,"2015-01-21",1340,"507",,"5","5","0","0",,"0",,"-","N",,0,0,,,0,,,,"N",3,"A","-",22350,,"N","A","H","-","A","A","0","Y","-",,0,0,1,0,0,0,0,0,0,"-","-","RANCHO CORDOVA","SACRAMENTO","CA",0,0
"6809901",-121.261517,38.5777735,2015,"3490","0","7","4","03",0,1,"A",,,,,,1200,1,"E","I","A","SUNRISE BL","FITZGERALD RD",601,"N","N","2015-03-03",3400,"2015-01-04",1157,"47",,"5","5","0","0",,"0",,"-","N",,0,0,,,0,,,,"Y",1,"A","-",22350,,"N","A","H","-","A","D","0","Y","A","01",0,0,1,0,0,0,0,0,0,"-","-","RANCHO CORDOVA","SACRAMENTO","CA",0,0
"6809870",-121.2869022,38.5913908,2015,"3490","0","3","4","03",0,2,"A",,,,,,1500,1,"C","C","A","ZINFANDEL DR","RT 50",475,"S","N","2016-09-06",3400,"2015-01-07",1214,"15CSO","RSPD","5","5","0","0",,"0","005","-","Y","SAC",3,50,"-","R",10.989,"R","4","W","Y",3,"A","-",22350,,"N","A","H","-","A","A","0","Y","A","01",0,0,2,0,0,0,0,0,0,"-","WF","RANCHO CORDOVA","SACRAMENTO","CA",0,0
"6809866",-121.2949332,38.5944417,2015,"3490","0","1","4","21",0,1,"A",,"Y",,,,1500,1,"H","G","A","ARAMON DR","FOLSOM BL",426,"N","N","2015-03-03",3400,"2015-01-05",1200,"1174","RC","5","5","0","0",,"0","005","-","N",,0,0,,,0,,,,"N",2,"A","-",22106,,"N","A","H","-","A","D","0","Y","A","01",0,0,1,0,0,0,1,0,0,"-","-","RANCHO CORDOVA","SACRAMENTO","CA",0,0
"6809636",-121.4271631,38.4725483,2015,"3404","0","6","2","11",0,1,"A","Y",,,,"Y",2400,2,"G","B","D","VALLEY HI DR","MACK RD",596,"S","N","2015-03-10",3404,"2015-02-14",2115,"8198","5","5","7","0","0",,"0","00C","-","N",,0,0,,,0,,,,"N",2,"A","-",21955,,"F","A","H","-","D","A","0","Y","N","60",1,0,0,0,1,0,0,0,0,"-","-","SACRAMENTO","SACRAMENTO","CA",0,0
"6809615",-121.429173,38.640085,2015,"3404","0","7","3","01",0,3,"A",,,,,"Y",1800,2,"A","C","A","NORTH AV","MARYSVILLE BL",0,,"Y","2015-03-10",3404,"2015-02-15",1616,"8204","2","5","7","0","0",,"0","00A","-","N",,0,0,,,0,,,,"Y",2,"A","-",23153,"A","N","A","H","-","A","A","0","Y","A","01",0,1,2,0,0,0,0,0,0,"-","-","SACRAMENTO","SACRAMENTO","CA",0,0
"6809614",-121.493333,38.563035,2015,"3404","0","5","4","10",0,1,"A","Y",,,,,2100,2,"G","B","B","15TH ST","X ST",0,,"Y","2015-03-10",3404,"2015-02-13",1924,"8204","4","5","7","0","0",,"0","00A","-","N",,0,0,,,0,,,,"N",2,"A","-",21950,"A","N","A","H","-","C","A","0","Y","A","01",0,0,1,0,1,0,0,0,0,"-","-","SACRAMENTO","SACRAMENTO","CA",0,0
"6809601",-121.5076631,38.4779951,2015,"3404","0","6","3","12",0,2,"A",,,,,,1200,2,"D","C","A","POCKET RD","RT 5",0,,"Y","2016-09-22",3404,"2015-02-14",936,"0451","4","5","7","0","0",,"0","00C","-","Y","SAC",3,5,"-","-",15.947,"R","4","N","Y",2,"A","-",21453,"A","N","A","H","-","A","A","0","Y","A","01",0,1,1,0,0,0,0,0,0,"-","-","SACRAMENTO","SACRAMENTO","CA",0,0
"6809559",-121.4072507,38.4244051,2015,"3450","0","5","4","09",0,2,"A",,,,,,1200,1,"D","C","A","BIG HORN BL","GENERATIONS DR",140,"N","N","2015-02-27",340,"2015-01-30",954,"10087","2202","5","5","0","0",,"0","002","-","N",,0,0,,,0,,,,"Y",2,"A","-",21804,"A","N","A","H","-","A","A","0","Y","A","01",0,0,2,0,0,0,0,0,0,"-","-","ELK GROVE","SACRAMENTO","CA",0,0
"6809180",0,0,2015,"3450","0","7","3","03",0,2,"B",,,,,,2100,2,"E","I","A","ELK GROVE BL","FIRE POPPY DR",285,"E","N","2015-03-06",340,"2015-02-08",1927,"10544","4102","5","5","0","0",,"0","004","-","N",,0,0,,,0,,,,"Y",1,"A","-",22350,,"N","B","H","-","C","A","0","Y","A","01",0,1,1,0,0,0,0,0,0,"-","-","ELK GROVE","SACRAMENTO","CA",0,0
"6809178",-121.4272372,38.4751289,2015,"3404","0","5","2","11",0,1,"C","Y",,,,,2100,2,"G","B","D","LA MANCHA WY","MACK RD",300,"N","N","2015-03-12",3404,"2015-02-06",1820,"0520","5","5","7","0","0",,"0","00C","-","N",,0,0,,,0,,,,"N",2,"A","-",21955,,"N","B","H","-","C","D","0","Y","N","60",1,0,0,0,1,0,0,0,0,"-","-","SACRAMENTO","SACRAMENTO","CA",0,0
"6809177",0,0,2015,"3404","0","1","4","03",0,3,"A",,,,,,1800,2,"C","C","A","HOWE AV","CITY POLE #10254",90,"N","N","2015-03-13",3404,"2015-02-09",1608,"8178","P6","5","7","0","0",,"0","06E","-","N",,0,0,,,0,,,,"Y",4,"A","-",22350,,"N","A","H","-","A","D","0","Y","A","01",0,0,3,0,0,0,0,0,0,"-","-","SACRAMENTO","SACRAMENTO","CA",0,0
"6809176",-121.5060649,38.6128696,2015,"3404","0","5","4","03",0,2,"A",,,,,,900,2,"C","C","A","WEST EL CAMINO AV","AZEVEDO DR",276,"W","N","2015-03-06",3404,"2015-02-13",757,"800","SPD","5","7","0","0",,"0","01B","-","N",,0,0,,,0,,,,"Y",3,"A","-",22350,,"N","A","H","-","A","A","0","Y","A","01",0,0,2,0,0,0,0,0,0,"-","-","SACRAMENTO","SACRAMENTO","CA",0,0
"6809175",-121.4542895,38.5698567,2015,"3404","0","4","4","09",0,1,"A",,,"Y",,,1500,2,"D","C","A","J ST","39TH ST",158,"E","N","2015-03-06",3404,"2015-02-12",1243,"417",,"5","7","0","0",,"0",,"-","N",,0,0,,,0,,,,,2,"A","-",21804,"A","N","A","H","-","A","D","0","Y","A","01",0,0,1,0,0,0,0,0,1,"-","-","SACRAMENTO","SACRAMENTO","CA",0,0
"6809174",-121.4255554,38.4741457,2015,"3404","0","3","4","03",0,2,"A",,,,,,300,2,"A","I","A","ALTA VALLEY DR","MACK RD",18,"S","N","2015-03-06",3404,"2015-02-04",104,"8165","5","5","7","0","0",,"0","00C","-","N",,0,0,,,0,,,,"Y",1,"A","-",22350,,"N","A","H","-","C","A","0","Y","A","01",0,0,2,0,0,0,0,0,0,"-","-","SACRAMENTO","SACRAMENTO","CA",0,0
"6809158",0,0,2015,"3450","0","5","4","09",0,1,"A",,"Y",,,,1200,2,"D","G","A","BELLATERRA DR","TOSCANO DR",0,,"Y","2015-03-05",340,"2015-02-06",902,"10068","4107","5","5","0","0",,"0","004","-","N",,0,0,,,0,,,,"N",2,"A","-",21802,"A","F","A","H","-","A","A","0","Y","A","01",0,0,1,0,0,0,1,0,0,"-","-","ELK GROVE","SACRAMENTO","CA",0,0
"6809157",-121.4445231,38.423395,2015,"3450","0","7","4","12",0,1,"C",,,,,,1800,2,"D","C","A","LAGUNA BL","LAGUNA OAKS DR",0,,"Y","2015-03-05",340,"2015-02-08",1557,"10054","2302","5","5","0","0",,"0","002","-","N",,0,0,,,0,,,,"Y",2,"A","-",21453,"A","N","B","H","-","A","A","0","Y","A","01",0,0,1,0,0,0,0,0,0,"-","-","ELK GROVE","SACRAMENTO","CA",0,0
"6809156",-121.4174631,38.390675,2015,"3450","0","7","4","09",0,1,"C",,,,,,1500,2,"D","C","A","BRUCEVILLE RD","POPPY RIDGE RD",0,,"Y","2015-03-05",340,"2015-02-08",1233,"10060","4302","5","5","0","0",,"0","004","-","N",,0,0,,,0,,,,"Y",2,"A","-",21802,"A","N","B","H","-","A","A","0","Y","A","08",0,0,1,0,0,0,0,0,0,"-","-","ELK GROVE","SACRAMENTO","CA",0,0
"6809155",-121.4739431,38.533665,2015,"3404","0","5","4","03",0,2,"C",,,,,,1200,2,"C","C","A","FRANKLIN BL","21ST AV",0,,"Y","2015-03-05",3404,"2015-02-06",913,"530","4","5","7","0","0",,"0","00B","G","N",,0,0,,,0,,,,"Y",2,"A","-",22350,,"N","B","H","-","A","B","0","Y","A","01",0,0,2,0,0,0,0,0,0,"-","-","SACRAMENTO","SACRAMENTO","CA",0,0
"6809154",-121.4358731,38.510495,2015,"3404","0","6","4","12",0,2,"A",,,,,,600,2,"D","C","A","STOCKTON BL","ELDER CREEK RD",0,,"Y","2015-03-05",3404,"2015-02-07",514,"572","6","5","7","0","0",,"0","00B","-","N",,0,0,,,0,,,,"Y",2,"A","-",21453,"A","N","B","H","-","C","A","0","Y","A","01",0,0,2,0,0,0,0,0,0,"-","-","SACRAMENTO","SACRAMENTO","CA",0,0
"6809153",-121.5001031,38.5820951,2015,"3404","0","6","4","01",0,1,"A",,,,,"Y",2100,2,"D","C","A","J ST","5TH ST",0,,"Y","2015-03-05",3404,"2015-02-14",1929,"8178","P3","5","7","0","0",,"0","03M","-","N",,0,0,,,0,,,,"Y",2,"A","-",23153,"A","N","A","H","-","C","B","0","Y","A","01",0,0,1,0,0,0,0,0,0,"-","-","SACRAMENTO","SACRAMENTO","CA",0,0
"6809152",-121.3830831,38.637165,2015,"3404","0","4","4","03",0,1,"A",,,,,,1200,2,"D","C","A","AUBURN BL","WATT AV",0,,"Y","2016-04-06",3404,"2015-02-05",1007,"0208",,"5","7","0","0",,"0","02A","-","N",,0,0,,,0,,,,"Y",2,"A","-",22350,,"N","A","H","-","A","A","0","Y","A","01",0,0,1,0,0,0,0,0,0,"-","-","SACRAMENTO","SACRAMENTO","CA",0,0
"6809151",-121.4284732,38.566485,2015,"3404","0","3","3","11",0,1,"A","Y",,,,,1800,2,"G","B","B","J ST","CARLSON DR",0,,"Y","2015-03-05",3404,"2015-02-04",1620,"414","DIST6","5","7","0","0",,"0","06E","-","N",,0,0,,,0,,,,"N",2,"A","-",21456,"B","N","A","H","-","A","A","0","Y","N","60",0,1,0,0,1,0,0,0,0,"-","-","SACRAMENTO","SACRAMENTO","CA",0,0
"6809150",0,0,2015,"3404","0","3","4","08",0,2,"A",,,,,"Y",2100,2,"D","C","A","SAN JUAN RD","SMOKETREE DR",0,,"Y","2015-03-05",3404,"2015-02-11",1934,"0788","1","5","7","0","0",,"0","01B","-","N",,0,0,,,0,,,,"Y",2,"A","-",22107,,"N","A","H","-","C","D","0","Y","A","01",0,0,2,0,0,0,0,0,0,"-","-","SACRAMENTO","SACRAMENTO","CA",0,0
"6809149",-121.4622831,38.559515,2015,"3404","0","6","4","09",0,3,"A",,,,,,2100,2,"D","C","A","STOCKTON BL","T ST",0,,"Y","2015-03-10",3404,"2015-02-07",2036,"227","6","5","7","0","0",,"0","00B","-","N",,0,0,,,0,,,,"Y",3,"A","-",21801,,"N","A","H","-","D","A","0","Y","A","07",0,0,3,0,0,0,0,0,0,"-","-","SACRAMENTO","SACRAMENTO","CA",0,0
"6809072",-121.5041759,38.6615546,2015,"3404","0","6","3","00",0,1,"A",,,,,,1200,2,"C","C","A","CREST DR","IVES AV",69,"N","N","2015-03-18",3404,"2015-02-14",1150,"0902","1","5","7","0","0",,"0","01A","-","N",,0,0,,,0,,,,"N",2,"A","-",22350,"A","N","-","H","-","A","D","0","Y","A","01",0,1,0,0,0,0,0,0,0,"-","-","SACRAMENTO","SACRAMENTO","CA",0,0
"6808965",-121.5270232,38.529225,2015,"3404","0","5","4","01",0,1,"A",,,,,"Y",2400,2,"E","I","A","PIEDMONT DR","SKIPPER CIR",0,,"Y","2015-03-06",3404,"2015-02-13",2248,"0831",,"5","7","0","0",,"0","04A","-","N",,0,0,,,0,,,,"Y",1,"A","-",23152,"F","F","A","H","-","C","D","0","Y","D","22",0,0,1,0,0,0,0,0,0,"-","-","SACRAMENTO","SACRAMENTO","CA",0,0
"6808961",-121.4190768,38.474396,2015,"3404","0","5","4","08",0,1,"C",,,,,,1800,2,"B","C","A","MACK RD","STOCKTON BL",30,"W","N","2015-03-06",3404,"2015-02-06",1711,"0520","5","5","7","0","0",,"0","00C","-","N",,0,0,,,0,,,,"N",2,"A","-",22107,,"F","B","H","-","A","A","0","Y","D","22",0,0,1,0,0,0,0,0,0,"-","-","SACRAMENTO","SACRAMENTO","CA",0,0
"6808958",-121.4173472,38.3821715,2015,"3450","0","4","4","03",0,1,"E",,,,,,900,1,"E","I","A","BRUCEVILLE RD","BILBY RD",380,"S","N","2015-02-27",340,"2015-01-15",712,"10586","4404","5","5","0","0",,"0","004","-","N",,0,0,,,0,,,,"Y",1,"A","-",22350,,"N","A","H","-","B","D","0","Y","D","22",0,0,1,0,0,0,0,0,0,"-","-","ELK GROVE","SACRAMENTO","CA",0,0
"6808954",-121.2977231,38.438155,2015,"3450","0","4","4","09",0,1,"A",,,,,,900,2,"D","C","A","EXCELSIOR RD","SHELDON RD",0,,"Y","2016-04-06",340,"2015-02-12",732,"10068","3602","5","5","0","0",,"0","003","-","N",,0,0,,,0,,,,,2,"A","-",21802,"A","N","A","H","-","A","A","0","Y","D","22",0,0,1,0,0,0,0,0,0,"-","-","ELK GROVE","SACRAMENTO","CA",0,0
"6808939",0,0,2015,"3450","0","5","3","03",0,1,"C",,,,,,1800,2,"D","C","A","LEWIS STEIN RD","SHELDON RD",105,"S","N","2015-03-06",340,"2015-02-06",1616,"10076","2201","5","5","0","0",,"0","002","-","N",,0,0,,,0,,,,"Y",2,"A","-",22350,,"N","B","H","-","A","A","0","Y","D","22",0,1,0,0,0,0,0,0,0,"-","-","ELK GROVE","SACRAMENTO","CA",0,0
"6808935",-121.3543817,38.4090388,2015,"3450","0","2","4","03",0,1,"A",,,,,,1500,2,"C","D","A","ELK GROVE BL","WATERMAN RD",352,"W","N","2015-03-06",340,"2015-02-10",1259,"10028","5601","5","5","0","0",,"0","005","-","N",,0,0,,,0,,,,"N",2,"A","-",22350,,"N","A","H","-","A","D","0","Y","D","22",0,0,1,0,0,0,0,0,0,"-","-","ELK GROVE","SACRAMENTO","CA",0,0
"6808927",-121.3716231,38.4163305,2015,"3450","0","2","4","05",0,1,"A",,"Y",,,,900,2,"D","G","A","ELK GROVE FLORIN RD","LA HAYA DR",100,"S","N","2015-03-06",340,"2015-02-10",734,"10060","5102","5","5","0","0",,"0","005","-","N",,0,0,,,0,,,,"N",2,"A","-",21202,"A","N","A","H","-","A","A","0","Y","L","04",0,0,1,0,0,0,1,0,0,"-","-","ELK GROVE","SACRAMENTO","CA",0,0
"6808071",-121.3241407,38.6808906,2015,"3496","0","1","4","07",0,1,"B",,,,,,1500,2,"B","C","A","GREENBACK LN","INDIAN RIVER DR",168,"E","N","2015-03-04",3496,"2015-02-02",1423,"145",,"5","5","0","0",,"0","001","-","N",,0,0,,,0,,,,"N",2,"A","-",21658,"A","N","A","H","-","A","A","0","Y","A","01",0,0,1,0,0,0,0,0,0,"-","-","CITRUS HEIGHTS","SACRAMENTO","CA",0,0
"6808070",-121.3775617,38.4089751,2015,"3450","0","1","4","03",0,1,"B",,,,,,1500,2,"C","C","A","ELK GROVE BL","EMERALD OAK DR",370,"E","N","2015-03-04",340,"2015-02-02",1450,"10054","5401","5","5","0","0",,"0","005","-","N",,0,0,,,0,,,,"N",2,"A","-",22350,,"N","A","H","-","A","D","0","Y","A","07",0,0,1,0,0,0,0,0,0,"-","-","ELK GROVE","SACRAMENTO","CA",0,0
"6808063",-121.4824054,38.558922,2015,"3404","0","3","4","03",0,1,"A",,,,,,900,2,"C","C","A","BROADWAY","24TH ST",200,"W","N","2015-03-05",3404,"2015-02-04",740,"8200","4","5","7","0","0",,"0","00A","-","N",,0,0,,,0,,,,"N",2,"A","-",22350,,"N","A","H","-","A","D","0","Y","A","01",0,0,1,0,0,0,0,0,0,"-","-","SACRAMENTO","SACRAMENTO","CA",0,0
"6808053",-121.5099531,38.566315,2015,"3404","0","2","3","08",0,1,"B",,,"Y",,,1200,2,"D","C","A","BROADWAY","3RD ST",0,,"Y","2015-03-05",3404,"2015-02-03",1020,"0600",,"5","7","0","0",,"0",,"-","N",,0,0,,,0,,,,"Y",2,"A","-",22107,,"N","A","H","-","A","A","0","Y","C","02",0,1,0,0,0,0,0,0,1,"-","-","SACRAMENTO","SACRAMENTO","CA",0,0
"6807623",-121.2719103,38.7046829,2015,"3496","0","4","2","11",0,1,"A","Y",,,,"Y",2100,1,"G","B","D","SUNRISE BL","OLD AUBURN RD",338,"N","N","2015-03-03",3496,"2015-01-22",2032,"376",,"5","5","0","0",,"0",,"-","N",,0,0,,,0,,,,"Y",2,"A","-",21950,"B","N","A","H","-","C","D","0","Y","N","60",1,0,0,0,1,0,0,0,0,"-","-","CITRUS HEIGHTS","SACRAMENTO","CA",0,0
"6807622",-121.2847337,38.678295,2015,"3496","0","4","3","06",0,1,"A",,"Y",,,"Y",1500,1,"B","G","A","GREENBACK LN","MARIPOSA AV",3,"W","N","2015-03-03",3496,"2015-01-29",1417,"168",,"5","5","0","0",,"0","002","-","N",,0,0,,,0,,,,"N",2,"A","-",21755,,"N","A","H","-","B","A","0","Y","L","04",0,1,0,0,0,0,1,0,0,"-","-","CITRUS HEIGHTS","SACRAMENTO","CA",0,0
"6807595",-121.386976,38.548483,2015,"3404","0","7","4","09",0,1,"A",,,,,,1500,1,"D","C","A","FOLSOM BL","JULLIARD DR",1584,"E","N","2015-03-05",3404,"2015-01-25",1406,"0491",,"5","7","0","0",,"0","06E","-","N",,0,0,,,0,,,,"Y",2,"A","-",21801,"A","N","A","H","-","A","A","0","Y","-","-",0,0,1,0,0,0,0,0,0,"-","-","SACRAMENTO","SACRAMENTO","CA",0,0
"6807002",-121.4781776,38.5248514,2015,"3404","0","3","4","03",0,3,"B",,,,,,900,2,"C","C","A","FRUITRIDGE RD","28TH ST",253,"W","N","2015-03-06",3404,"2015-02-04",815,"0600",,"5","7","0","0",,"0",,"-","N",,0,0,,,0,,,,"Y",3,"A","-",22350,,"N","A","H","-","A","A","0","Y","E","22",0,0,3,0,0,0,0,0,0,"-","-","SACRAMENTO","SACRAMENTO","CA",0,0
"6807000",-121.4545481,38.5104351,2015,"3400","4","4","2","09",0,2,"A",,,,,,300,1,"D","C","A","47TH AV","45TH ST",10,"W","N","2015-03-04",9252,"2015-01-01",240,"18470",,"3","9","0","2",,"1","071","-","N",,0,0,,,0,,,,"Y",2,"A","-",21802,"A","F","A","H","-","C","A","0","Y","A","01",1,0,1,0,0,0,0,0,0,"-","-","UNINCORPORATED","SACRAMENTO","CA",-121.43152,38.50049
"6806998",-121.4416207,38.522851,2015,"3400","4","6","4","01",0,1,"A",,"Y",,,"Y",2100,1,"H","G","A","STOCKTON BL","SOUTHWEST AV",343,"N","N","2015-03-04",9252,"2015-01-24",1850,"18243",,"2","9","0","2",,"1","071","-","N",,0,0,,,0,,,,"N",2,"A","-",23152,"A","N","A","H","-","C","D","0","Y","A","07",0,0,1,0,0,0,1,0,0,"-","-","UNINCORPORATED","SACRAMENTO","CA",-121.44175,38.52289
"6806997",0,0,2015,"3400","5","2","4","03",0,2,"A",,,,,,2100,1,"E","J","A","BRANNAN ISLAND RD","RT 12",5280,"S","N","2015-03-04",9252,"2015-01-13",2015,"15534",,"2","9","0","3",,"2","090","-","N",,0,0,,,0,,,,"Y",1,"A","-",22350,,"N","A","H","-","C","D","0","Y","A","01",0,0,2,0,0,0,0,0,0,"-","-","UNINCORPORATED","SACRAMENTO","CA",-121.57083,38.1055
"6806996",-121.409051,38.4990352,2015,"3400","4","3","4","08",0,3,"A",,,,,,2100,1,"B","A","A","POWER INN RD","LORIN AV",40,"S","N","2015-03-04",9252,"2015-01-21",1820,"17971","073","2","9","0","2",,"2","073","-","N",,0,0,,,0,,,,"Y",2,"A","-",22107,,"N","A","H","-","C","D","0","Y","A","01",0,0,3,0,0,0,0,0,0,"-","-","UNINCORPORATED","SACRAMENTO","CA",-121.40896,38.49887